,title,description,URL,Date Published,Publisher,published_year,Published Month,Description
0,Top LLM vulnerabilities and how to mitigate the associated risk - Help Net Security,"<a href=""https://news.google.com/rss/articles/CBMiRGh0dHBzOi8vd3d3LmhlbHBuZXRzZWN1cml0eS5jb20vMjAyNC8wMS8xMC9sbG0tdnVsbmVyYWJpbGl0aWVzLXJpc2sv0gEA?oc=5"" target=""_blank"">Top LLM vulnerabilities and how to mitigate the associated risk</a>&nbsp;&nbsp;<font color=""#6f6f6f"">Help Net Security</font>",https://news.google.com/rss/articles/CBMiRGh0dHBzOi8vd3d3LmhlbHBuZXRzZWN1cml0eS5jb20vMjAyNC8wMS8xMC9sbG0tdnVsbmVyYWJpbGl0aWVzLXJpc2sv0gEA?oc=5,2024-01-10 08:00:00+00:00,Help Net Security,2024.0,2024-01,
1,LLM Vulnerabilities: Understanding and Safeguarding Against Malicious Prompt Engineering Techniques - hackernoon.com,"<a href=""https://news.google.com/rss/articles/CBMieWh0dHBzOi8vaGFja2Vybm9vbi5jb20vbGxtLXZ1bG5lcmFiaWxpdGllcy11bmRlcnN0YW5kaW5nLWFuZC1zYWZlZ3VhcmRpbmctYWdhaW5zdC1tYWxpY2lvdXMtcHJvbXB0LWVuZ2luZWVyaW5nLXRlY2huaXF1ZXPSAQA?oc=5"" target=""_blank"">LLM Vulnerabilities: Understanding and Safeguarding Against Malicious Prompt Engineering Techniques</a>&nbsp;&nbsp;<font color=""#6f6f6f"">hackernoon.com</font>",https://news.google.com/rss/articles/CBMieWh0dHBzOi8vaGFja2Vybm9vbi5jb20vbGxtLXZ1bG5lcmFiaWxpdGllcy11bmRlcnN0YW5kaW5nLWFuZC1zYWZlZ3VhcmRpbmctYWdhaW5zdC1tYWxpY2lvdXMtcHJvbXB0LWVuZ2luZWVyaW5nLXRlY2huaXF1ZXPSAQA?oc=5,2023-12-14 08:00:00+00:00,hackernoon.com,2023.0,2023-12,
2,"LLMs Pose Major Security Risks, Serving As 'Attack Vectors' - C3 AI","<a href=""https://news.google.com/rss/articles/CBMiKmh0dHBzOi8vYzMuYWkvYWktc2VjdXJpdHktdnVsbmVyYWJpbGl0aWVzL9IBAA?oc=5"" target=""_blank"">LLMs Pose Major Security Risks, Serving As 'Attack Vectors'</a>&nbsp;&nbsp;<font color=""#6f6f6f"">C3 AI</font>",https://news.google.com/rss/articles/CBMiKmh0dHBzOi8vYzMuYWkvYWktc2VjdXJpdHktdnVsbmVyYWJpbGl0aWVzL9IBAA?oc=5,2023-11-06 08:00:00+00:00,C3 AI,2023.0,2023-11,
3,Top 10 LLM Vulnerabilities - Unite.AI,"<a href=""https://news.google.com/rss/articles/CBMiMGh0dHBzOi8vd3d3LnVuaXRlLmFpL3RvcC0xMC1sbG0tdnVsbmVyYWJpbGl0aWVzL9IBAA?oc=5"" target=""_blank"">Top 10 LLM Vulnerabilities</a>&nbsp;&nbsp;<font color=""#6f6f6f"">Unite.AI</font>",https://news.google.com/rss/articles/CBMiMGh0dHBzOi8vd3d3LnVuaXRlLmFpL3RvcC0xMC1sbG0tdnVsbmVyYWJpbGl0aWVzL9IBAA?oc=5,2023-09-07 07:00:00+00:00,Unite.AI,2023.0,2023-09,
4,"GPU memory vulnerability could allow hackers to access LLM responses - and Apple, Qualcomm, and AMD products ... - ITPro","<a href=""https://news.google.com/rss/articles/CBMimAFodHRwczovL3d3dy5pdHByby5jb20vc2VjdXJpdHkvZ3B1LW1lbW9yeS12dWxuZXJhYmlsaXR5LWNvdWxkLWFsbG93LWhhY2tlcnMtdG8tYWNjZXNzLWxsbS1yZXNwb25zZXMtYW5kLWFwcGxlLXF1YWxjb21tLWFuZC1hbWQtcHJvZHVjdHMtd2VyZS1hbGwtYXQtcmlza9IBAA?oc=5"" target=""_blank"">GPU memory vulnerability could allow hackers to access LLM responses - and Apple, Qualcomm, and AMD products ...</a>&nbsp;&nbsp;<font color=""#6f6f6f"">ITPro</font>",https://news.google.com/rss/articles/CBMimAFodHRwczovL3d3dy5pdHByby5jb20vc2VjdXJpdHkvZ3B1LW1lbW9yeS12dWxuZXJhYmlsaXR5LWNvdWxkLWFsbG93LWhhY2tlcnMtdG8tYWNjZXNzLWxsbS1yZXNwb25zZXMtYW5kLWFwcGxlLXF1YWxjb21tLWFuZC1hbWQtcHJvZHVjdHMtd2VyZS1hbGwtYXQtcmlza9IBAA?oc=5,2024-01-19 08:00:00+00:00,ITPro,2024.0,2024-01,
5,Researchers Discover New Vulnerability in Large Language Models - Carnegie Mellon University,"<a href=""https://news.google.com/rss/articles/CBMic2h0dHBzOi8vd3d3LmNtdS5lZHUvbmV3cy9zdG9yaWVzL2FyY2hpdmVzLzIwMjMvanVseS9yZXNlYXJjaGVycy1kaXNjb3Zlci1uZXctdnVsbmVyYWJpbGl0eS1pbi1sYXJnZS1sYW5ndWFnZS1tb2RlbHPSAQA?oc=5"" target=""_blank"">Researchers Discover New Vulnerability in Large Language Models</a>&nbsp;&nbsp;<font color=""#6f6f6f"">Carnegie Mellon University</font>",https://news.google.com/rss/articles/CBMic2h0dHBzOi8vd3d3LmNtdS5lZHUvbmV3cy9zdG9yaWVzL2FyY2hpdmVzLzIwMjMvanVseS9yZXNlYXJjaGVycy1kaXNjb3Zlci1uZXctdnVsbmVyYWJpbGl0eS1pbi1sYXJnZS1sYW5ndWFnZS1tb2RlbHPSAQA?oc=5,2023-07-28 07:00:00+00:00,Carnegie Mellon University,2023.0,2023-07,
6,Adversarial Simulation using Large Language Models (LLMs) | by Innovate Forge - Medium,"<a href=""https://news.google.com/rss/articles/CBMiZmh0dHBzOi8vbWVkaXVtLmNvbS9ASW5ub3ZhdGVGb3JnZS9hZHZlcnNhcmlhbC1zaW11bGF0aW9uLXVzaW5nLWxhcmdlLWxhbmd1YWdlLW1vZGVscy1sbG1zLThlMGRhM2ZmZjNlZdIBAA?oc=5"" target=""_blank"">Adversarial Simulation using Large Language Models (LLMs) | by Innovate Forge</a>&nbsp;&nbsp;<font color=""#6f6f6f"">Medium</font>",https://news.google.com/rss/articles/CBMiZmh0dHBzOi8vbWVkaXVtLmNvbS9ASW5ub3ZhdGVGb3JnZS9hZHZlcnNhcmlhbC1zaW11bGF0aW9uLXVzaW5nLWxhcmdlLWxhbmd1YWdlLW1vZGVscy1sbG1zLThlMGRhM2ZmZjNlZdIBAA?oc=5,2023-12-04 08:00:00+00:00,Medium,2023.0,2023-12,
7,OWASP lists 10 most critical large language model vulnerabilities - CSO Online,"<a href=""https://news.google.com/rss/articles/CBMib2h0dHBzOi8vd3d3LmNzb29ubGluZS5jb20vYXJ0aWNsZS81NzU0OTcvb3dhc3AtbGlzdHMtMTAtbW9zdC1jcml0aWNhbC1sYXJnZS1sYW5ndWFnZS1tb2RlbC12dWxuZXJhYmlsaXRpZXMuaHRtbNIBdGh0dHBzOi8vd3d3LmNzb29ubGluZS5jb20vYXJ0aWNsZS81NzU0OTcvb3dhc3AtbGlzdHMtMTAtbW9zdC1jcml0aWNhbC1sYXJnZS1sYW5ndWFnZS1tb2RlbC12dWxuZXJhYmlsaXRpZXMuaHRtbC9hbXAv?oc=5"" target=""_blank"">OWASP lists 10 most critical large language model vulnerabilities</a>&nbsp;&nbsp;<font color=""#6f6f6f"">CSO Online</font>",https://news.google.com/rss/articles/CBMib2h0dHBzOi8vd3d3LmNzb29ubGluZS5jb20vYXJ0aWNsZS81NzU0OTcvb3dhc3AtbGlzdHMtMTAtbW9zdC1jcml0aWNhbC1sYXJnZS1sYW5ndWFnZS1tb2RlbC12dWxuZXJhYmlsaXRpZXMuaHRtbNIBdGh0dHBzOi8vd3d3LmNzb29ubGluZS5jb20vYXJ0aWNsZS81NzU0OTcvb3dhc3AtbGlzdHMtMTAtbW9zdC1jcml0aWNhbC1sYXJnZS1sYW5ndWFnZS1tb2RlbC12dWxuZXJhYmlsaXRpZXMuaHRtbC9hbXAv?oc=5,2023-06-06 07:00:00+00:00,CSO Online,2023.0,2023-06,
8,LeftoverLocals: Listening to LLM responses through leaked GPU local memory - Security Boulevard,"<a href=""https://news.google.com/rss/articles/CBMicGh0dHBzOi8vc2VjdXJpdHlib3VsZXZhcmQuY29tLzIwMjQvMDEvbGVmdG92ZXJsb2NhbHMtbGlzdGVuaW5nLXRvLWxsbS1yZXNwb25zZXMtdGhyb3VnaC1sZWFrZWQtZ3B1LWxvY2FsLW1lbW9yeS_SAXRodHRwczovL3NlY3VyaXR5Ym91bGV2YXJkLmNvbS8yMDI0LzAxL2xlZnRvdmVybG9jYWxzLWxpc3RlbmluZy10by1sbG0tcmVzcG9uc2VzLXRocm91Z2gtbGVha2VkLWdwdS1sb2NhbC1tZW1vcnkvYW1wLw?oc=5"" target=""_blank"">LeftoverLocals: Listening to LLM responses through leaked GPU local memory</a>&nbsp;&nbsp;<font color=""#6f6f6f"">Security Boulevard</font>",https://news.google.com/rss/articles/CBMicGh0dHBzOi8vc2VjdXJpdHlib3VsZXZhcmQuY29tLzIwMjQvMDEvbGVmdG92ZXJsb2NhbHMtbGlzdGVuaW5nLXRvLWxsbS1yZXNwb25zZXMtdGhyb3VnaC1sZWFrZWQtZ3B1LWxvY2FsLW1lbW9yeS_SAXRodHRwczovL3NlY3VyaXR5Ym91bGV2YXJkLmNvbS8yMDI0LzAxL2xlZnRvdmVybG9jYWxzLWxpc3RlbmluZy10by1sbG0tcmVzcG9uc2VzLXRocm91Z2gtbGVha2VkLWdwdS1sb2NhbC1tZW1vcnkvYW1wLw?oc=5,2024-01-16 08:00:00+00:00,Security Boulevard,2024.0,2024-01,
9,New LLM Tool Seeks and Remediates Vulnerabilities - Dark Reading,"<a href=""https://news.google.com/rss/articles/CBMiaWh0dHBzOi8vd3d3LmRhcmtyZWFkaW5nLmNvbS92dWxuZXJhYmlsaXRpZXMtdGhyZWF0cy9uZXctdnVsbl9ncHQtbGxtLXNlZWtzLWFuZC1yZW1lZGlhdGVzLXZ1bG5lcmFiaWxpdGllc9IBAA?oc=5"" target=""_blank"">New LLM Tool Seeks and Remediates Vulnerabilities</a>&nbsp;&nbsp;<font color=""#6f6f6f"">Dark Reading</font>",https://news.google.com/rss/articles/CBMiaWh0dHBzOi8vd3d3LmRhcmtyZWFkaW5nLmNvbS92dWxuZXJhYmlsaXRpZXMtdGhyZWF0cy9uZXctdnVsbl9ncHQtbGxtLXNlZWtzLWFuZC1yZW1lZGlhdGVzLXZ1bG5lcmFiaWxpdGllc9IBAA?oc=5,2023-08-09 07:00:00+00:00,Dark Reading,2023.0,2023-08,
10,Vigil: Open-source Security Scanner for LLM Models Like ChatGPT - CybersecurityNews,"<a href=""https://news.google.com/rss/articles/CBMiQWh0dHBzOi8vY3liZXJzZWN1cml0eW5ld3MuY29tL3ZpZ2lsLW9wZW4tc291cmNlLXNlY3VyaXR5LXNjYW5uZXIv0gFFaHR0cHM6Ly9jeWJlcnNlY3VyaXR5bmV3cy5jb20vdmlnaWwtb3Blbi1zb3VyY2Utc2VjdXJpdHktc2Nhbm5lci9hbXAv?oc=5"" target=""_blank"">Vigil: Open-source Security Scanner for LLM Models Like ChatGPT</a>&nbsp;&nbsp;<font color=""#6f6f6f"">CybersecurityNews</font>",https://news.google.com/rss/articles/CBMiQWh0dHBzOi8vY3liZXJzZWN1cml0eW5ld3MuY29tL3ZpZ2lsLW9wZW4tc291cmNlLXNlY3VyaXR5LXNjYW5uZXIv0gFFaHR0cHM6Ly9jeWJlcnNlY3VyaXR5bmV3cy5jb20vdmlnaWwtb3Blbi1zb3VyY2Utc2VjdXJpdHktc2Nhbm5lci9hbXAv?oc=5,2023-11-29 08:00:00+00:00,CybersecurityNews,2023.0,2023-11,
11,UK cyber agency warns of potentially fundamental flaw in AI technology - The Record from Recorded Future News,"<a href=""https://news.google.com/rss/articles/CBMiUGh0dHBzOi8vdGhlcmVjb3JkLm1lZGlhL3Byb21wdC1pbmplY3Rpb24tdWstbmNzYy1hcnRpZmljaWFsLWludGVsbGlnZW5jZS13YXJuaW5n0gEA?oc=5"" target=""_blank"">UK cyber agency warns of potentially fundamental flaw in AI technology</a>&nbsp;&nbsp;<font color=""#6f6f6f"">The Record from Recorded Future News</font>",https://news.google.com/rss/articles/CBMiUGh0dHBzOi8vdGhlcmVjb3JkLm1lZGlhL3Byb21wdC1pbmplY3Rpb24tdWstbmNzYy1hcnRpZmljaWFsLWludGVsbGlnZW5jZS13YXJuaW5n0gEA?oc=5,2023-08-30 07:00:00+00:00,The Record from Recorded Future News,2023.0,2023-08,
12,"Prompt Injection Threat is Real, Will Turn LLMs into Monsters - Analytics India Magazine","<a href=""https://news.google.com/rss/articles/CBMiW2h0dHBzOi8vYW5hbHl0aWNzaW5kaWFtYWcuY29tL3Byb21wdC1pbmplY3Rpb24tdGhyZWF0LWlzLXJlYWwtd2lsbC10dXJuLWxsbXMtaW50by1tb25zdGVycy_SAQA?oc=5"" target=""_blank"">Prompt Injection Threat is Real, Will Turn LLMs into Monsters</a>&nbsp;&nbsp;<font color=""#6f6f6f"">Analytics India Magazine</font>",https://news.google.com/rss/articles/CBMiW2h0dHBzOi8vYW5hbHl0aWNzaW5kaWFtYWcuY29tL3Byb21wdC1pbmplY3Rpb24tdGhyZWF0LWlzLXJlYWwtd2lsbC10dXJuLWxsbXMtaW50by1tb25zdGVycy_SAQA?oc=5,2023-12-08 08:00:00+00:00,Analytics India Magazine,2023.0,2023-12,
13,What the OWASP Top 10 for LLMs Means for the Future of AI Security - Infosecurity Magazine,"<a href=""https://news.google.com/rss/articles/CBMiVWh0dHBzOi8vd3d3LmluZm9zZWN1cml0eS1tYWdhemluZS5jb20vbmV3cy1mZWF0dXJlcy9vd2FzcC10b3AtMTAtbGxtLW1lYW5zLWZ1dHVyZS1haS_SAQA?oc=5"" target=""_blank"">What the OWASP Top 10 for LLMs Means for the Future of AI Security</a>&nbsp;&nbsp;<font color=""#6f6f6f"">Infosecurity Magazine</font>",https://news.google.com/rss/articles/CBMiVWh0dHBzOi8vd3d3LmluZm9zZWN1cml0eS1tYWdhemluZS5jb20vbmV3cy1mZWF0dXJlcy9vd2FzcC10b3AtMTAtbGxtLW1lYW5zLWZ1dHVyZS1haS_SAQA?oc=5,2023-08-08 07:00:00+00:00,Infosecurity Magazine,2023.0,2023-08,
14,OWASP Top 10 for LLM (Large Language Model) applications is out! - Security Affairs,"<a href=""https://news.google.com/rss/articles/CBMiRWh0dHBzOi8vc2VjdXJpdHlhZmZhaXJzLmNvbS8xNDkxMjQvc2VjdXJpdHkvb3dhc3AtdG9wLTEwLWZvci1sbG0uaHRtbNIBSWh0dHBzOi8vc2VjdXJpdHlhZmZhaXJzLmNvbS8xNDkxMjQvc2VjdXJpdHkvb3dhc3AtdG9wLTEwLWZvci1sbG0uaHRtbD9hbXA?oc=5"" target=""_blank"">OWASP Top 10 for LLM (Large Language Model) applications is out!</a>&nbsp;&nbsp;<font color=""#6f6f6f"">Security Affairs</font>",https://news.google.com/rss/articles/CBMiRWh0dHBzOi8vc2VjdXJpdHlhZmZhaXJzLmNvbS8xNDkxMjQvc2VjdXJpdHkvb3dhc3AtdG9wLTEwLWZvci1sbG0uaHRtbNIBSWh0dHBzOi8vc2VjdXJpdHlhZmZhaXJzLmNvbS8xNDkxMjQvc2VjdXJpdHkvb3dhc3AtdG9wLTEwLWZvci1sbG0uaHRtbD9hbXA?oc=5,2023-08-03 07:00:00+00:00,Security Affairs,2023.0,2023-08,
15,We're in the OWASP-makes-list-of-security-bug-types phase with LLM chatbots - The Register,"<a href=""https://news.google.com/rss/articles/CBMiN2h0dHBzOi8vd3d3LnRoZXJlZ2lzdGVyLmNvbS8yMDIzLzA4LzAyL293YXNwX2xsbV9mbGF3cy_SATtodHRwczovL3d3dy50aGVyZWdpc3Rlci5jb20vQU1QLzIwMjMvMDgvMDIvb3dhc3BfbGxtX2ZsYXdzLw?oc=5"" target=""_blank"">We're in the OWASP-makes-list-of-security-bug-types phase with LLM chatbots</a>&nbsp;&nbsp;<font color=""#6f6f6f"">The Register</font>",https://news.google.com/rss/articles/CBMiN2h0dHBzOi8vd3d3LnRoZXJlZ2lzdGVyLmNvbS8yMDIzLzA4LzAyL293YXNwX2xsbV9mbGF3cy_SATtodHRwczovL3d3dy50aGVyZWdpc3Rlci5jb20vQU1QLzIwMjMvMDgvMDIvb3dhc3BfbGxtX2ZsYXdzLw?oc=5,2023-08-02 07:00:00+00:00,The Register,2023.0,2023-08,
16,Mithril Security demos LLM supply chain 'poisoning' - AI News,"<a href=""https://news.google.com/rss/articles/CBMiaWh0dHBzOi8vd3d3LmFydGlmaWNpYWxpbnRlbGxpZ2VuY2UtbmV3cy5jb20vMjAyMy8wNy8xMS9taXRocmlsLXNlY3VyaXR5LWRlbW9zLWxsbS1zdXBwbHktY2hhaW4tcG9pc29uaW5nL9IBAA?oc=5"" target=""_blank"">Mithril Security demos LLM supply chain 'poisoning'</a>&nbsp;&nbsp;<font color=""#6f6f6f"">AI News</font>",https://news.google.com/rss/articles/CBMiaWh0dHBzOi8vd3d3LmFydGlmaWNpYWxpbnRlbGxpZ2VuY2UtbmV3cy5jb20vMjAyMy8wNy8xMS9taXRocmlsLXNlY3VyaXR5LWRlbW9zLWxsbS1zdXBwbHktY2hhaW4tcG9pc29uaW5nL9IBAA?oc=5,2023-07-11 07:00:00+00:00,AI News,2023.0,2023-07,
17,Skyhawk Security ranks accuracy of LLM cyberthreat predictions - CSO Online,"<a href=""https://news.google.com/rss/articles/CBMibGh0dHBzOi8vd3d3LmNzb29ubGluZS5jb20vYXJ0aWNsZS82NTI4Njkvc2t5aGF3ay1zZWN1cml0eS1yYW5rcy1hY2N1cmFjeS1vZi1sbG0tY3liZXJ0aHJlYXQtcHJlZGljdGlvbnMuaHRtbNIBcWh0dHBzOi8vd3d3LmNzb29ubGluZS5jb20vYXJ0aWNsZS82NTI4Njkvc2t5aGF3ay1zZWN1cml0eS1yYW5rcy1hY2N1cmFjeS1vZi1sbG0tY3liZXJ0aHJlYXQtcHJlZGljdGlvbnMuaHRtbC9hbXAv?oc=5"" target=""_blank"">Skyhawk Security ranks accuracy of LLM cyberthreat predictions</a>&nbsp;&nbsp;<font color=""#6f6f6f"">CSO Online</font>",https://news.google.com/rss/articles/CBMibGh0dHBzOi8vd3d3LmNzb29ubGluZS5jb20vYXJ0aWNsZS82NTI4Njkvc2t5aGF3ay1zZWN1cml0eS1yYW5rcy1hY2N1cmFjeS1vZi1sbG0tY3liZXJ0aHJlYXQtcHJlZGljdGlvbnMuaHRtbNIBcWh0dHBzOi8vd3d3LmNzb29ubGluZS5jb20vYXJ0aWNsZS82NTI4Njkvc2t5aGF3ay1zZWN1cml0eS1yYW5rcy1hY2N1cmFjeS1vZi1sbG0tY3liZXJ0aHJlYXQtcHJlZGljdGlvbnMuaHRtbC9hbXAv?oc=5,2023-09-20 07:00:00+00:00,CSO Online,2023.0,2023-09,
18,Cybersecurity Capture-The-Flag Challenges: Leveraging Large Language Models - Medium,"<a href=""https://news.google.com/rss/articles/CBMieWh0dHBzOi8vbWVkaXVtLmNvbS9ASW5ub3ZhdGVGb3JnZS9jeWJlcnNlY3VyaXR5LWNhcHR1cmUtdGhlLWZsYWctY2hhbGxlbmdlcy1sZXZlcmFnaW5nLWxhcmdlLWxhbmd1YWdlLW1vZGVscy0yZWI3ZDI0ZTc4YWTSAQA?oc=5"" target=""_blank"">Cybersecurity Capture-The-Flag Challenges: Leveraging Large Language Models</a>&nbsp;&nbsp;<font color=""#6f6f6f"">Medium</font>",https://news.google.com/rss/articles/CBMieWh0dHBzOi8vbWVkaXVtLmNvbS9ASW5ub3ZhdGVGb3JnZS9jeWJlcnNlY3VyaXR5LWNhcHR1cmUtdGhlLWZsYWctY2hhbGxlbmdlcy1sZXZlcmFnaW5nLWxhcmdlLWxhbmd1YWdlLW1vZGVscy0yZWI3ZDI0ZTc4YWTSAQA?oc=5,2023-12-04 08:00:00+00:00,Medium,2023.0,2023-12,
19,Prompt Hacking and Misuse of LLMs - Unite.AI,"<a href=""https://news.google.com/rss/articles/CBMiNmh0dHBzOi8vd3d3LnVuaXRlLmFpL3Byb21wdC1oYWNraW5nLWFuZC1taXN1c2Utb2YtbGxtL9IBAA?oc=5"" target=""_blank"">Prompt Hacking and Misuse of LLMs</a>&nbsp;&nbsp;<font color=""#6f6f6f"">Unite.AI</font>",https://news.google.com/rss/articles/CBMiNmh0dHBzOi8vd3d3LnVuaXRlLmFpL3Byb21wdC1oYWNraW5nLWFuZC1taXN1c2Utb2YtbGxtL9IBAA?oc=5,2023-10-19 07:00:00+00:00,Unite.AI,2023.0,2023-10,
20,Understanding the Dark Side of Large Language Models: A Comprehensive Guide to Security Threats and Vulnerabilities - MarkTechPost,"<a href=""https://news.google.com/rss/articles/CBMimwFodHRwczovL3d3dy5tYXJrdGVjaHBvc3QuY29tLzIwMjMvMDkvMDEvdW5kZXJzdGFuZGluZy10aGUtZGFyay1zaWRlLW9mLWxhcmdlLWxhbmd1YWdlLW1vZGVscy1hLWNvbXByZWhlbnNpdmUtZ3VpZGUtdG8tc2VjdXJpdHktdGhyZWF0cy1hbmQtdnVsbmVyYWJpbGl0aWVzL9IBnwFodHRwczovL3d3dy5tYXJrdGVjaHBvc3QuY29tLzIwMjMvMDkvMDEvdW5kZXJzdGFuZGluZy10aGUtZGFyay1zaWRlLW9mLWxhcmdlLWxhbmd1YWdlLW1vZGVscy1hLWNvbXByZWhlbnNpdmUtZ3VpZGUtdG8tc2VjdXJpdHktdGhyZWF0cy1hbmQtdnVsbmVyYWJpbGl0aWVzLz9hbXA?oc=5"" target=""_blank"">Understanding the Dark Side of Large Language Models: A Comprehensive Guide to Security Threats and Vulnerabilities</a>&nbsp;&nbsp;<font color=""#6f6f6f"">MarkTechPost</font>",https://news.google.com/rss/articles/CBMimwFodHRwczovL3d3dy5tYXJrdGVjaHBvc3QuY29tLzIwMjMvMDkvMDEvdW5kZXJzdGFuZGluZy10aGUtZGFyay1zaWRlLW9mLWxhcmdlLWxhbmd1YWdlLW1vZGVscy1hLWNvbXByZWhlbnNpdmUtZ3VpZGUtdG8tc2VjdXJpdHktdGhyZWF0cy1hbmQtdnVsbmVyYWJpbGl0aWVzL9IBnwFodHRwczovL3d3dy5tYXJrdGVjaHBvc3QuY29tLzIwMjMvMDkvMDEvdW5kZXJzdGFuZGluZy10aGUtZGFyay1zaWRlLW9mLWxhcmdlLWxhbmd1YWdlLW1vZGVscy1hLWNvbXByZWhlbnNpdmUtZ3VpZGUtdG8tc2VjdXJpdHktdGhyZWF0cy1hbmQtdnVsbmVyYWJpbGl0aWVzLz9hbXA?oc=5,2023-09-01 07:00:00+00:00,MarkTechPost,2023.0,2023-09,
21,Security Researchers: ChatGPT Vulnerability Allows Training Data to be Accessed by Telling Chatbot to Endlessly ... - CPO Magazine,"<a href=""https://news.google.com/rss/articles/CBMiqAFodHRwczovL3d3dy5jcG9tYWdhemluZS5jb20vY3liZXItc2VjdXJpdHkvc2VjdXJpdHktcmVzZWFyY2hlcnMtY2hhdGdwdC12dWxuZXJhYmlsaXR5LWFsbG93cy10cmFpbmluZy1kYXRhLXRvLWJlLWFjY2Vzc2VkLWJ5LXRlbGxpbmctY2hhdGJvdC10by1lbmRsZXNzbHktcmVwZWF0LWEtd29yZC_SAQA?oc=5"" target=""_blank"">Security Researchers: ChatGPT Vulnerability Allows Training Data to be Accessed by Telling Chatbot to Endlessly ...</a>&nbsp;&nbsp;<font color=""#6f6f6f"">CPO Magazine</font>",https://news.google.com/rss/articles/CBMiqAFodHRwczovL3d3dy5jcG9tYWdhemluZS5jb20vY3liZXItc2VjdXJpdHkvc2VjdXJpdHktcmVzZWFyY2hlcnMtY2hhdGdwdC12dWxuZXJhYmlsaXR5LWFsbG93cy10cmFpbmluZy1kYXRhLXRvLWJlLWFjY2Vzc2VkLWJ5LXRlbGxpbmctY2hhdGJvdC10by1lbmRsZXNzbHktcmVwZWF0LWEtd29yZC_SAQA?oc=5,2023-12-14 08:00:00+00:00,CPO Magazine,2023.0,2023-12,
22,"AI chatbots can fall for prompt injection attacks, leaving you vulnerable - The Washington Post","<a href=""https://news.google.com/rss/articles/CBMiaWh0dHBzOi8vd3d3Lndhc2hpbmd0b25wb3N0LmNvbS90ZWNobm9sb2d5LzIwMjMvMTEvMDIvcHJvbXB0LWluamVjdGlvbi1haS1jaGF0Ym90LXZ1bG5lcmFiaWxpdHktamFpbGJyZWFrL9IBAA?oc=5"" target=""_blank"">AI chatbots can fall for prompt injection attacks, leaving you vulnerable</a>&nbsp;&nbsp;<font color=""#6f6f6f"">The Washington Post</font>",https://news.google.com/rss/articles/CBMiaWh0dHBzOi8vd3d3Lndhc2hpbmd0b25wb3N0LmNvbS90ZWNobm9sb2d5LzIwMjMvMTEvMDIvcHJvbXB0LWluamVjdGlvbi1haS1jaGF0Ym90LXZ1bG5lcmFiaWxpdHktamFpbGJyZWFrL9IBAA?oc=5,2023-11-02 07:00:00+00:00,The Washington Post,2023.0,2023-11,
23,Generative AI Projects Pose Major Cybersecurity Risk to Enterprises - Generative AI Projects Pose Major Cybersecurity ... - Dark Reading,"<a href=""https://news.google.com/rss/articles/CBMiamh0dHBzOi8vd3d3LmRhcmtyZWFkaW5nLmNvbS92dWxuZXJhYmlsaXRpZXMtdGhyZWF0cy9nZW5lcmF0aXZlLWFpLXByb2plY3RzLWN5YmVyc2VjdXJpdHktcmlza3MtZW50ZXJwcmlzZXPSAQA?oc=5"" target=""_blank"">Generative AI Projects Pose Major Cybersecurity Risk to Enterprises - Generative AI Projects Pose Major Cybersecurity ...</a>&nbsp;&nbsp;<font color=""#6f6f6f"">Dark Reading</font>",https://news.google.com/rss/articles/CBMiamh0dHBzOi8vd3d3LmRhcmtyZWFkaW5nLmNvbS92dWxuZXJhYmlsaXRpZXMtdGhyZWF0cy9nZW5lcmF0aXZlLWFpLXByb2plY3RzLWN5YmVyc2VjdXJpdHktcmlza3MtZW50ZXJwcmlzZXPSAQA?oc=5,2023-06-28 07:00:00+00:00,Dark Reading,2023.0,2023-06,
24,Exercise caution when building off LLMs - NCSC.GOV.UK - National Cyber Security Centre,"<a href=""https://news.google.com/rss/articles/CBMiRGh0dHBzOi8vd3d3Lm5jc2MuZ292LnVrL2Jsb2ctcG9zdC9leGVyY2lzZS1jYXV0aW9uLWJ1aWxkaW5nLW9mZi1sbG1z0gEA?oc=5"" target=""_blank"">Exercise caution when building off LLMs - NCSC.GOV.UK</a>&nbsp;&nbsp;<font color=""#6f6f6f"">National Cyber Security Centre</font>",https://news.google.com/rss/articles/CBMiRGh0dHBzOi8vd3d3Lm5jc2MuZ292LnVrL2Jsb2ctcG9zdC9leGVyY2lzZS1jYXV0aW9uLWJ1aWxkaW5nLW9mZi1sbG1z0gEA?oc=5,2023-08-30 07:00:00+00:00,National Cyber Security Centre,2023.0,2023-08,
25,Will LLM and Generative AI Solve a 20-Year-Old Problem in Application Security? - Unite.AI,"<a href=""https://news.google.com/rss/articles/CBMiZGh0dHBzOi8vd3d3LnVuaXRlLmFpL3dpbGwtbGxtLWFuZC1nZW5lcmF0aXZlLWFpLXNvbHZlLWEtMjAteWVhci1vbGQtcHJvYmxlbS1pbi1hcHBsaWNhdGlvbi1zZWN1cml0eS_SAQA?oc=5"" target=""_blank"">Will LLM and Generative AI Solve a 20-Year-Old Problem in Application Security?</a>&nbsp;&nbsp;<font color=""#6f6f6f"">Unite.AI</font>",https://news.google.com/rss/articles/CBMiZGh0dHBzOi8vd3d3LnVuaXRlLmFpL3dpbGwtbGxtLWFuZC1nZW5lcmF0aXZlLWFpLXNvbHZlLWEtMjAteWVhci1vbGQtcHJvYmxlbS1pbi1hcHBsaWNhdGlvbi1zZWN1cml0eS_SAQA?oc=5,2023-06-14 07:00:00+00:00,Unite.AI,2023.0,2023-06,
26,"US spy community wants to identify threats posed by tech behind ChatGPT, large language models - The Sociable","<a href=""https://news.google.com/rss/articles/CBMiXWh0dHBzOi8vc29jaWFibGUuY28vZ292ZXJubWVudC1hbmQtcG9saWN5L3NweS1jb21tdW5pdHktdGhyZWF0cy10ZWNoLWNoYXRncHQtbGFuZ3VhZ2UtbW9kZWxzL9IBYWh0dHBzOi8vc29jaWFibGUuY28vZ292ZXJubWVudC1hbmQtcG9saWN5L3NweS1jb21tdW5pdHktdGhyZWF0cy10ZWNoLWNoYXRncHQtbGFuZ3VhZ2UtbW9kZWxzL2FtcC8?oc=5"" target=""_blank"">US spy community wants to identify threats posed by tech behind ChatGPT, large language models</a>&nbsp;&nbsp;<font color=""#6f6f6f"">The Sociable</font>",https://news.google.com/rss/articles/CBMiXWh0dHBzOi8vc29jaWFibGUuY28vZ292ZXJubWVudC1hbmQtcG9saWN5L3NweS1jb21tdW5pdHktdGhyZWF0cy10ZWNoLWNoYXRncHQtbGFuZ3VhZ2UtbW9kZWxzL9IBYWh0dHBzOi8vc29jaWFibGUuY28vZ292ZXJubWVudC1hbmQtcG9saWN5L3NweS1jb21tdW5pdHktdGhyZWF0cy10ZWNoLWNoYXRncHQtbGFuZ3VhZ2UtbW9kZWxzL2FtcC8?oc=5,2023-08-01 07:00:00+00:00,The Sociable,2023.0,2023-08,
27,Exposed Hugging Face APIs Opened AI Models to Cyberattacks - Security Boulevard,"<a href=""https://news.google.com/rss/articles/CBMiYWh0dHBzOi8vc2VjdXJpdHlib3VsZXZhcmQuY29tLzIwMjMvMTIvZXhwb3NlZC1odWdnaW5nLWZhY2UtYXBpcy1vcGVuZWQtYWktbW9kZWxzLXRvLWN5YmVyYXR0YWNrcy_SAWVodHRwczovL3NlY3VyaXR5Ym91bGV2YXJkLmNvbS8yMDIzLzEyL2V4cG9zZWQtaHVnZ2luZy1mYWNlLWFwaXMtb3BlbmVkLWFpLW1vZGVscy10by1jeWJlcmF0dGFja3MvYW1wLw?oc=5"" target=""_blank"">Exposed Hugging Face APIs Opened AI Models to Cyberattacks</a>&nbsp;&nbsp;<font color=""#6f6f6f"">Security Boulevard</font>",https://news.google.com/rss/articles/CBMiYWh0dHBzOi8vc2VjdXJpdHlib3VsZXZhcmQuY29tLzIwMjMvMTIvZXhwb3NlZC1odWdnaW5nLWZhY2UtYXBpcy1vcGVuZWQtYWktbW9kZWxzLXRvLWN5YmVyYXR0YWNrcy_SAWVodHRwczovL3NlY3VyaXR5Ym91bGV2YXJkLmNvbS8yMDIzLzEyL2V4cG9zZWQtaHVnZ2luZy1mYWNlLWFwaXMtb3BlbmVkLWFpLW1vZGVscy10by1jeWJlcmF0dGFja3MvYW1wLw?oc=5,2023-12-04 08:00:00+00:00,Security Boulevard,2023.0,2023-12,
28,New Jailbreak Attacks are revealed in LLM Chatbots like ChatGPT - CybersecurityNews,"<a href=""https://news.google.com/rss/articles/CBMiNWh0dHBzOi8vY3liZXJzZWN1cml0eW5ld3MuY29tL2phaWxicmVhay1sbG0tY2hhdGJvdHMv0gE5aHR0cHM6Ly9jeWJlcnNlY3VyaXR5bmV3cy5jb20vamFpbGJyZWFrLWxsbS1jaGF0Ym90cy9hbXAv?oc=5"" target=""_blank"">New Jailbreak Attacks are revealed in LLM Chatbots like ChatGPT</a>&nbsp;&nbsp;<font color=""#6f6f6f"">CybersecurityNews</font>",https://news.google.com/rss/articles/CBMiNWh0dHBzOi8vY3liZXJzZWN1cml0eW5ld3MuY29tL2phaWxicmVhay1sbG0tY2hhdGJvdHMv0gE5aHR0cHM6Ly9jeWJlcnNlY3VyaXR5bmV3cy5jb20vamFpbGJyZWFrLWxsbS1jaGF0Ym90cy9hbXAv?oc=5,2023-07-19 07:00:00+00:00,CybersecurityNews,2023.0,2023-07,
29,"Samsung Engineers Feed Sensitive Data to ChatGPT, Sparking Workplace AI Warnings - Dark Reading","<a href=""https://news.google.com/rss/articles/CBMidmh0dHBzOi8vd3d3LmRhcmtyZWFkaW5nLmNvbS92dWxuZXJhYmlsaXRpZXMtdGhyZWF0cy9zYW1zdW5nLWVuZ2luZWVycy1zZW5zaXRpdmUtZGF0YS1jaGF0Z3B0LXdhcm5pbmdzLWFpLXVzZS13b3JrcGxhY2XSAQA?oc=5"" target=""_blank"">Samsung Engineers Feed Sensitive Data to ChatGPT, Sparking Workplace AI Warnings</a>&nbsp;&nbsp;<font color=""#6f6f6f"">Dark Reading</font>",https://news.google.com/rss/articles/CBMidmh0dHBzOi8vd3d3LmRhcmtyZWFkaW5nLmNvbS92dWxuZXJhYmlsaXRpZXMtdGhyZWF0cy9zYW1zdW5nLWVuZ2luZWVycy1zZW5zaXRpdmUtZGF0YS1jaGF0Z3B0LXdhcm5pbmdzLWFpLXVzZS13b3JrcGxhY2XSAQA?oc=5,2023-04-11 07:00:00+00:00,Dark Reading,2023.0,2023-04,
30,What can you get for $200? Several megabytes of ChatGPT training data - SC Media,"<a href=""https://news.google.com/rss/articles/CBMiY2h0dHBzOi8vd3d3LnNjbWFnYXppbmUuY29tL25ld3Mvd2hhdC1jYW4teW91LWdldC1mb3ItMjAwLXNldmVyYWwtbWVnYWJ5dGVzLW9mLWNoYXRncHQtdHJhaW5pbmctZGF0YdIBAA?oc=5"" target=""_blank"">What can you get for $200? Several megabytes of ChatGPT training data</a>&nbsp;&nbsp;<font color=""#6f6f6f"">SC Media</font>",https://news.google.com/rss/articles/CBMiY2h0dHBzOi8vd3d3LnNjbWFnYXppbmUuY29tL25ld3Mvd2hhdC1jYW4teW91LWdldC1mb3ItMjAwLXNldmVyYWwtbWVnYWJ5dGVzLW9mLWNoYXRncHQtdHJhaW5pbmctZGF0YdIBAA?oc=5,2023-11-30 08:00:00+00:00,SC Media,2023.0,2023-11,
31,Webinar: How vCISOs Can Navigating the Complex World of AI and LLM Security - The Hacker News,"<a href=""https://news.google.com/rss/articles/CBMiSGh0dHBzOi8vdGhlaGFja2VybmV3cy5jb20vMjAyMy8xMC93ZWJpbmFyLWhvdy12Y2lzb3MtY2FuLW5hdmlnYXRpbmcuaHRtbNIBAA?oc=5"" target=""_blank"">Webinar: How vCISOs Can Navigating the Complex World of AI and LLM Security</a>&nbsp;&nbsp;<font color=""#6f6f6f"">The Hacker News</font>",https://news.google.com/rss/articles/CBMiSGh0dHBzOi8vdGhlaGFja2VybmV3cy5jb20vMjAyMy8xMC93ZWJpbmFyLWhvdy12Y2lzb3MtY2FuLW5hdmlnYXRpbmcuaHRtbNIBAA?oc=5,2023-10-09 07:00:00+00:00,The Hacker News,2023.0,2023-10,
32,LLMs and AI positioned to dominate the AppSec world - Help Net Security,"<a href=""https://news.google.com/rss/articles/CBMiS2h0dHBzOi8vd3d3LmhlbHBuZXRzZWN1cml0eS5jb20vMjAyMy8wNy8yMC9sbG0tYXBwbGljYXRpb25zLXNlY3VyaXR5LXJpc2tzL9IBAA?oc=5"" target=""_blank"">LLMs and AI positioned to dominate the AppSec world</a>&nbsp;&nbsp;<font color=""#6f6f6f"">Help Net Security</font>",https://news.google.com/rss/articles/CBMiS2h0dHBzOi8vd3d3LmhlbHBuZXRzZWN1cml0eS5jb20vMjAyMy8wNy8yMC9sbG0tYXBwbGljYXRpb25zLXNlY3VyaXR5LXJpc2tzL9IBAA?oc=5,2023-07-20 07:00:00+00:00,Help Net Security,2023.0,2023-07,
33,LLMs have a multilingual jailbreak problem – how you can stay safe - SDxCentral,"<a href=""https://news.google.com/rss/articles/CBMidWh0dHBzOi8vd3d3LnNkeGNlbnRyYWwuY29tL2FydGljbGVzL2ZlYXR1cmUvbGxtcy1oYXZlLWEtbXVsdGlsaW5ndWFsLWphaWxicmVhay1wcm9ibGVtLWhvdy15b3UtY2FuLXN0YXktc2FmZS8yMDIzLzExL9IBAA?oc=5"" target=""_blank"">LLMs have a multilingual jailbreak problem – how you can stay safe</a>&nbsp;&nbsp;<font color=""#6f6f6f"">SDxCentral</font>",https://news.google.com/rss/articles/CBMidWh0dHBzOi8vd3d3LnNkeGNlbnRyYWwuY29tL2FydGljbGVzL2ZlYXR1cmUvbGxtcy1oYXZlLWEtbXVsdGlsaW5ndWFsLWphaWxicmVhay1wcm9ibGVtLWhvdy15b3UtY2FuLXN0YXktc2FmZS8yMDIzLzExL9IBAA?oc=5,2023-11-03 07:00:00+00:00,SDxCentral,2023.0,2023-11,
34,OWASP Top 10 for LLM Applications and Mitigation - Security Boulevard,"<a href=""https://news.google.com/rss/articles/CBMiV2h0dHBzOi8vc2VjdXJpdHlib3VsZXZhcmQuY29tLzIwMjQvMDIvb3dhc3AtdG9wLTEwLWZvci1sbG0tYXBwbGljYXRpb25zLWFuZC1taXRpZ2F0aW9uL9IBW2h0dHBzOi8vc2VjdXJpdHlib3VsZXZhcmQuY29tLzIwMjQvMDIvb3dhc3AtdG9wLTEwLWZvci1sbG0tYXBwbGljYXRpb25zLWFuZC1taXRpZ2F0aW9uL2FtcC8?oc=5"" target=""_blank"">OWASP Top 10 for LLM Applications and Mitigation</a>&nbsp;&nbsp;<font color=""#6f6f6f"">Security Boulevard</font>",https://news.google.com/rss/articles/CBMiV2h0dHBzOi8vc2VjdXJpdHlib3VsZXZhcmQuY29tLzIwMjQvMDIvb3dhc3AtdG9wLTEwLWZvci1sbG0tYXBwbGljYXRpb25zLWFuZC1taXRpZ2F0aW9uL9IBW2h0dHBzOi8vc2VjdXJpdHlib3VsZXZhcmQuY29tLzIwMjQvMDIvb3dhc3AtdG9wLTEwLWZvci1sbG0tYXBwbGljYXRpb25zLWFuZC1taXRpZ2F0aW9uL2FtcC8?oc=5,2024-02-06 03:43:27+00:00,Security Boulevard,2024.0,2024-02,
35,Tenable launches LLM-powered ExposureAI product - TechTarget,"<a href=""https://news.google.com/rss/articles/CBMiaGh0dHBzOi8vd3d3LnRlY2h0YXJnZXQuY29tL3NlYXJjaHNlY3VyaXR5L25ld3MvMzY2NTQ3NDk2L1RlbmFibGUtbGF1bmNoZXMtTExNLXBvd2VyZWQtRXhwb3N1cmVBSS1wcm9kdWN00gEA?oc=5"" target=""_blank"">Tenable launches LLM-powered ExposureAI product</a>&nbsp;&nbsp;<font color=""#6f6f6f"">TechTarget</font>",https://news.google.com/rss/articles/CBMiaGh0dHBzOi8vd3d3LnRlY2h0YXJnZXQuY29tL3NlYXJjaHNlY3VyaXR5L25ld3MvMzY2NTQ3NDk2L1RlbmFibGUtbGF1bmNoZXMtTExNLXBvd2VyZWQtRXhwb3N1cmVBSS1wcm9kdWN00gEA?oc=5,2023-08-09 07:00:00+00:00,TechTarget,2023.0,2023-08,
36,Unmasking Hypnotized AI: The Hidden Risks of Large - Security Intelligence,"<a href=""https://news.google.com/rss/articles/CBMiYmh0dHBzOi8vc2VjdXJpdHlpbnRlbGxpZ2VuY2UuY29tL3Bvc3RzL3VubWFza2luZy1oeXBub3RpemVkLWFpLWhpZGRlbi1yaXNrcy1sYXJnZS1sYW5ndWFnZS1tb2RlbHMv0gEA?oc=5"" target=""_blank"">Unmasking Hypnotized AI: The Hidden Risks of Large</a>&nbsp;&nbsp;<font color=""#6f6f6f"">Security Intelligence</font>",https://news.google.com/rss/articles/CBMiYmh0dHBzOi8vc2VjdXJpdHlpbnRlbGxpZ2VuY2UuY29tL3Bvc3RzL3VubWFza2luZy1oeXBub3RpemVkLWFpLWhpZGRlbi1yaXNrcy1sYXJnZS1sYW5ndWFnZS1tb2RlbHMv0gEA?oc=5,2023-08-08 07:00:00+00:00,Security Intelligence,2023.0,2023-08,
37,Navigating the security and privacy challenges of large language models - We Live Security,"<a href=""https://news.google.com/rss/articles/CBMiZmh0dHBzOi8vd3d3LndlbGl2ZXNlY3VyaXR5LmNvbS9lbi9idXNpbmVzcy1zZWN1cml0eS9zZWN1cml0eS1wcml2YWN5LWNoYWxsZW5nZXMtbGFyZ2UtbGFuZ3VhZ2UtbW9kZWxzL9IBAA?oc=5"" target=""_blank"">Navigating the security and privacy challenges of large language models</a>&nbsp;&nbsp;<font color=""#6f6f6f"">We Live Security</font>",https://news.google.com/rss/articles/CBMiZmh0dHBzOi8vd3d3LndlbGl2ZXNlY3VyaXR5LmNvbS9lbi9idXNpbmVzcy1zZWN1cml0eS9zZWN1cml0eS1wcml2YWN5LWNoYWxsZW5nZXMtbGFyZ2UtbGFuZ3VhZ2UtbW9kZWxzL9IBAA?oc=5,2023-11-06 08:00:00+00:00,We Live Security,2023.0,2023-11,
38,Gandalf chatbot security game counters privacy fireballs - The Register,"<a href=""https://news.google.com/rss/articles/CBMiRWh0dHBzOi8vd3d3LnRoZXJlZ2lzdGVyLmNvbS8yMDIzLzA5LzE3L2dhbmRhbGZfcHJvbXB0X2luamVjdGlvbl9nYW1lL9IBSWh0dHBzOi8vd3d3LnRoZXJlZ2lzdGVyLmNvbS9BTVAvMjAyMy8wOS8xNy9nYW5kYWxmX3Byb21wdF9pbmplY3Rpb25fZ2FtZS8?oc=5"" target=""_blank"">Gandalf chatbot security game counters privacy fireballs</a>&nbsp;&nbsp;<font color=""#6f6f6f"">The Register</font>",https://news.google.com/rss/articles/CBMiRWh0dHBzOi8vd3d3LnRoZXJlZ2lzdGVyLmNvbS8yMDIzLzA5LzE3L2dhbmRhbGZfcHJvbXB0X2luamVjdGlvbl9nYW1lL9IBSWh0dHBzOi8vd3d3LnRoZXJlZ2lzdGVyLmNvbS9BTVAvMjAyMy8wOS8xNy9nYW5kYWxmX3Byb21wdF9pbmplY3Rpb25fZ2FtZS8?oc=5,2023-09-17 07:00:00+00:00,The Register,2023.0,2023-09,
39,Cyber experts are concerned about AI 'prompt injection' attacks - Popular Science,"<a href=""https://news.google.com/rss/articles/CBMiQ2h0dHBzOi8vd3d3LnBvcHNjaS5jb20vdGVjaG5vbG9neS9wcm9tcHQtaW5qZWN0aW9uLWF0dGFja3MtbGxtcy1haS_SAQA?oc=5"" target=""_blank"">Cyber experts are concerned about AI 'prompt injection' attacks</a>&nbsp;&nbsp;<font color=""#6f6f6f"">Popular Science</font>",https://news.google.com/rss/articles/CBMiQ2h0dHBzOi8vd3d3LnBvcHNjaS5jb20vdGVjaG5vbG9neS9wcm9tcHQtaW5qZWN0aW9uLWF0dGFja3MtbGxtcy1haS_SAQA?oc=5,2023-08-31 07:00:00+00:00,Popular Science,2023.0,2023-08,
40,Google to discuss LLM benefits for threat intelligence programs - TechTarget,"<a href=""https://news.google.com/rss/articles/CBMieGh0dHBzOi8vd3d3LnRlY2h0YXJnZXQuY29tL3NlYXJjaHNlY3VyaXR5L25ld3MvMzY2NTQ3MzkzL0dvb2dsZS10by1kaXNjdXNzLUxMTS1iZW5lZml0cy1mb3ItdGhyZWF0LWludGVsbGlnZW5jZS1wcm9ncmFtc9IBAA?oc=5"" target=""_blank"">Google to discuss LLM benefits for threat intelligence programs</a>&nbsp;&nbsp;<font color=""#6f6f6f"">TechTarget</font>",https://news.google.com/rss/articles/CBMieGh0dHBzOi8vd3d3LnRlY2h0YXJnZXQuY29tL3NlYXJjaHNlY3VyaXR5L25ld3MvMzY2NTQ3MzkzL0dvb2dsZS10by1kaXNjdXNzLUxMTS1iZW5lZml0cy1mb3ItdGhyZWF0LWludGVsbGlnZW5jZS1wcm9ncmFtc9IBAA?oc=5,2023-08-07 07:00:00+00:00,TechTarget,2023.0,2023-08,
41,Generative AI's Biggest Security Flaw Is Not Easy to Fix - WIRED,"<a href=""https://news.google.com/rss/articles/CBMiQ2h0dHBzOi8vd3d3LndpcmVkLmNvbS9zdG9yeS9nZW5lcmF0aXZlLWFpLXByb21wdC1pbmplY3Rpb24taGFja2luZy_SAQA?oc=5"" target=""_blank"">Generative AI's Biggest Security Flaw Is Not Easy to Fix</a>&nbsp;&nbsp;<font color=""#6f6f6f"">WIRED</font>",https://news.google.com/rss/articles/CBMiQ2h0dHBzOi8vd3d3LndpcmVkLmNvbS9zdG9yeS9nZW5lcmF0aXZlLWFpLXByb21wdC1pbmplY3Rpb24taGFja2luZy_SAQA?oc=5,2023-09-06 07:00:00+00:00,WIRED,2023.0,2023-09,
42,NCSC Issues Cyber Warning Over AI Chatbots - Infosecurity Magazine,"<a href=""https://news.google.com/rss/articles/CBMiSmh0dHBzOi8vd3d3LmluZm9zZWN1cml0eS1tYWdhemluZS5jb20vbmV3cy9uY3NjLWN5YmVyLXdhcm5pbmctYWktY2hhdGJvdHMv0gEA?oc=5"" target=""_blank"">NCSC Issues Cyber Warning Over AI Chatbots</a>&nbsp;&nbsp;<font color=""#6f6f6f"">Infosecurity Magazine</font>",https://news.google.com/rss/articles/CBMiSmh0dHBzOi8vd3d3LmluZm9zZWN1cml0eS1tYWdhemluZS5jb20vbmV3cy9uY3NjLWN5YmVyLXdhcm5pbmctYWktY2hhdGJvdHMv0gEA?oc=5,2023-08-30 07:00:00+00:00,Infosecurity Magazine,2023.0,2023-08,
43,MITRE partners with Microsoft to address generative AI security risks - Help Net Security,"<a href=""https://news.google.com/rss/articles/CBMiR2h0dHBzOi8vd3d3LmhlbHBuZXRzZWN1cml0eS5jb20vMjAyMy8xMS8wNi9taXRyZS1taWNyb3NvZnQtcGFydG5lcnNoaXAv0gEA?oc=5"" target=""_blank"">MITRE partners with Microsoft to address generative AI security risks</a>&nbsp;&nbsp;<font color=""#6f6f6f"">Help Net Security</font>",https://news.google.com/rss/articles/CBMiR2h0dHBzOi8vd3d3LmhlbHBuZXRzZWN1cml0eS5jb20vMjAyMy8xMS8wNi9taXRyZS1taWNyb3NvZnQtcGFydG5lcnNoaXAv0gEA?oc=5,2023-11-06 08:00:00+00:00,Help Net Security,2023.0,2023-11,
44,"A Flaw in Millions of Apple, AMD, and Qualcomm GPUs Could Expose AI Data - WIRED","<a href=""https://news.google.com/rss/articles/CBMiS2h0dHBzOi8vd3d3LndpcmVkLmNvbS9zdG9yeS9sZWZ0b3ZlcmxvY2Fscy1ncHUtdnVsbmVyYWJpbGl0eS1nZW5lcmF0aXZlLWFpL9IBAA?oc=5"" target=""_blank"">A Flaw in Millions of Apple, AMD, and Qualcomm GPUs Could Expose AI Data</a>&nbsp;&nbsp;<font color=""#6f6f6f"">WIRED</font>",https://news.google.com/rss/articles/CBMiS2h0dHBzOi8vd3d3LndpcmVkLmNvbS9zdG9yeS9sZWZ0b3ZlcmxvY2Fscy1ncHUtdnVsbmVyYWJpbGl0eS1nZW5lcmF0aXZlLWFpL9IBAA?oc=5,2024-01-16 08:00:00+00:00,WIRED,2024.0,2024-01,
45,"LeftoverLocals Attack Let Attackers Steal AI Data From Apple, Qualcomm & AMD GPUs - CybersecurityNews","<a href=""https://news.google.com/rss/articles/CBMiNGh0dHBzOi8vY3liZXJzZWN1cml0eW5ld3MuY29tL2xlZnRvdmVybG9jYWxzLWF0dGFjay_SAThodHRwczovL2N5YmVyc2VjdXJpdHluZXdzLmNvbS9sZWZ0b3ZlcmxvY2Fscy1hdHRhY2svYW1wLw?oc=5"" target=""_blank"">LeftoverLocals Attack Let Attackers Steal AI Data From Apple, Qualcomm & AMD GPUs</a>&nbsp;&nbsp;<font color=""#6f6f6f"">CybersecurityNews</font>",https://news.google.com/rss/articles/CBMiNGh0dHBzOi8vY3liZXJzZWN1cml0eW5ld3MuY29tL2xlZnRvdmVybG9jYWxzLWF0dGFjay_SAThodHRwczovL2N5YmVyc2VjdXJpdHluZXdzLmNvbS9sZWZ0b3ZlcmxvY2Fscy1hdHRhY2svYW1wLw?oc=5,2024-01-18 08:00:00+00:00,CybersecurityNews,2024.0,2024-01,
46,This AI Paper Introduces RuLES: A New Machine Learning Framework for Assessing Rule-Adherence in Large Language Models Against Adversarial Attacks - MarkTechPost,"<a href=""https://news.google.com/rss/articles/CBMiugFodHRwczovL3d3dy5tYXJrdGVjaHBvc3QuY29tLzIwMjMvMTEvMTEvdGhpcy1haS1wYXBlci1pbnRyb2R1Y2VzLXJ1bGVzLWEtbmV3LW1hY2hpbmUtbGVhcm5pbmctZnJhbWV3b3JrLWZvci1hc3Nlc3NpbmctcnVsZS1hZGhlcmVuY2UtaW4tbGFyZ2UtbGFuZ3VhZ2UtbW9kZWxzLWFnYWluc3QtYWR2ZXJzYXJpYWwtYXR0YWNrcy_SAb4BaHR0cHM6Ly93d3cubWFya3RlY2hwb3N0LmNvbS8yMDIzLzExLzExL3RoaXMtYWktcGFwZXItaW50cm9kdWNlcy1ydWxlcy1hLW5ldy1tYWNoaW5lLWxlYXJuaW5nLWZyYW1ld29yay1mb3ItYXNzZXNzaW5nLXJ1bGUtYWRoZXJlbmNlLWluLWxhcmdlLWxhbmd1YWdlLW1vZGVscy1hZ2FpbnN0LWFkdmVyc2FyaWFsLWF0dGFja3MvP2FtcA?oc=5"" target=""_blank"">This AI Paper Introduces RuLES: A New Machine Learning Framework for Assessing Rule-Adherence in Large Language Models Against Adversarial Attacks</a>&nbsp;&nbsp;<font color=""#6f6f6f"">MarkTechPost</font>",https://news.google.com/rss/articles/CBMiugFodHRwczovL3d3dy5tYXJrdGVjaHBvc3QuY29tLzIwMjMvMTEvMTEvdGhpcy1haS1wYXBlci1pbnRyb2R1Y2VzLXJ1bGVzLWEtbmV3LW1hY2hpbmUtbGVhcm5pbmctZnJhbWV3b3JrLWZvci1hc3Nlc3NpbmctcnVsZS1hZGhlcmVuY2UtaW4tbGFyZ2UtbGFuZ3VhZ2UtbW9kZWxzLWFnYWluc3QtYWR2ZXJzYXJpYWwtYXR0YWNrcy_SAb4BaHR0cHM6Ly93d3cubWFya3RlY2hwb3N0LmNvbS8yMDIzLzExLzExL3RoaXMtYWktcGFwZXItaW50cm9kdWNlcy1ydWxlcy1hLW5ldy1tYWNoaW5lLWxlYXJuaW5nLWZyYW1ld29yay1mb3ItYXNzZXNzaW5nLXJ1bGUtYWRoZXJlbmNlLWluLWxhcmdlLWxhbmd1YWdlLW1vZGVscy1hZ2FpbnN0LWFkdmVyc2FyaWFsLWF0dGFja3MvP2FtcA?oc=5,2023-11-11 08:00:00+00:00,MarkTechPost,2023.0,2023-11,
47,"Generative AI Apps Prone to Compromise, Manipulation - Dark Reading","<a href=""https://news.google.com/rss/articles/CBMicmh0dHBzOi8vd3d3LmRhcmtyZWFkaW5nLmNvbS9hcHBsaWNhdGlvbi1zZWN1cml0eS9jaGF0Z3B0LW90aGVyLWdlbmVyYXRpdmUtYWktYXBwcy1wcm9uZS10by1jb21wcm9taXNlLW1hbmlwdWxhdGlvbtIBAA?oc=5"" target=""_blank"">Generative AI Apps Prone to Compromise, Manipulation</a>&nbsp;&nbsp;<font color=""#6f6f6f"">Dark Reading</font>",https://news.google.com/rss/articles/CBMicmh0dHBzOi8vd3d3LmRhcmtyZWFkaW5nLmNvbS9hcHBsaWNhdGlvbi1zZWN1cml0eS9jaGF0Z3B0LW90aGVyLWdlbmVyYXRpdmUtYWktYXBwcy1wcm9uZS10by1jb21wcm9taXNlLW1hbmlwdWxhdGlvbtIBAA?oc=5,2023-07-25 07:00:00+00:00,Dark Reading,2023.0,2023-07,
48,"What is a Prompt Injection Attack? Definition, Examples, Prevention - Techopedia","<a href=""https://news.google.com/rss/articles/CBMiPWh0dHBzOi8vd3d3LnRlY2hvcGVkaWEuY29tL2RlZmluaXRpb24vcHJvbXB0LWluamVjdGlvbi1hdHRhY2vSAQA?oc=5"" target=""_blank"">What is a Prompt Injection Attack? Definition, Examples, Prevention</a>&nbsp;&nbsp;<font color=""#6f6f6f"">Techopedia</font>",https://news.google.com/rss/articles/CBMiPWh0dHBzOi8vd3d3LnRlY2hvcGVkaWEuY29tL2RlZmluaXRpb24vcHJvbXB0LWluamVjdGlvbi1hdHRhY2vSAQA?oc=5,2023-09-12 07:00:00+00:00,Techopedia,2023.0,2023-09,
49,Hackers Compromised ChatGPT Model with Indirect Prompt Injection - GBHackers,"<a href=""https://news.google.com/rss/articles/CBMiOGh0dHBzOi8vZ2JoYWNrZXJzLmNvbS9oYWNrZXJzLWNvbXByb21pc2VkLWNoYXRncHQtbW9kZWwv0gE8aHR0cHM6Ly9nYmhhY2tlcnMuY29tL2hhY2tlcnMtY29tcHJvbWlzZWQtY2hhdGdwdC1tb2RlbC9hbXAv?oc=5"" target=""_blank"">Hackers Compromised ChatGPT Model with Indirect Prompt Injection</a>&nbsp;&nbsp;<font color=""#6f6f6f"">GBHackers</font>",https://news.google.com/rss/articles/CBMiOGh0dHBzOi8vZ2JoYWNrZXJzLmNvbS9oYWNrZXJzLWNvbXByb21pc2VkLWNoYXRncHQtbW9kZWwv0gE8aHR0cHM6Ly9nYmhhY2tlcnMuY29tL2hhY2tlcnMtY29tcHJvbWlzZWQtY2hhdGdwdC1tb2RlbC9hbXAv?oc=5,2023-08-12 07:00:00+00:00,GBHackers,2023.0,2023-08,
50,New ChatGPT Attack Technique Spreads Malicious Packages - Infosecurity Magazine,"<a href=""https://news.google.com/rss/articles/CBMiTmh0dHBzOi8vd3d3LmluZm9zZWN1cml0eS1tYWdhemluZS5jb20vbmV3cy9jaGF0Z3B0LXNwcmVhZHMtbWFsaWNpb3VzLXBhY2thZ2VzL9IBAA?oc=5"" target=""_blank"">New ChatGPT Attack Technique Spreads Malicious Packages</a>&nbsp;&nbsp;<font color=""#6f6f6f"">Infosecurity Magazine</font>",https://news.google.com/rss/articles/CBMiTmh0dHBzOi8vd3d3LmluZm9zZWN1cml0eS1tYWdhemluZS5jb20vbmV3cy9jaGF0Z3B0LXNwcmVhZHMtbWFsaWNpb3VzLXBhY2thZ2VzL9IBAA?oc=5,2023-06-06 07:00:00+00:00,Infosecurity Magazine,2023.0,2023-06,
51,Trend Micro discloses 'silent threat' flaws in Azure ML - TechTarget,"<a href=""https://news.google.com/rss/articles/CBMibmh0dHBzOi8vd3d3LnRlY2h0YXJnZXQuY29tL3NlYXJjaHNlY3VyaXR5L25ld3MvMzY2NTQ3NzEzL1RyZW5kLU1pY3JvLWRpc2Nsb3Nlcy1zaWxlbnQtdGhyZWF0LWZsYXdzLWluLUF6dXJlLU1M0gEA?oc=5"" target=""_blank"">Trend Micro discloses 'silent threat' flaws in Azure ML</a>&nbsp;&nbsp;<font color=""#6f6f6f"">TechTarget</font>",https://news.google.com/rss/articles/CBMibmh0dHBzOi8vd3d3LnRlY2h0YXJnZXQuY29tL3NlYXJjaHNlY3VyaXR5L25ld3MvMzY2NTQ3NzEzL1RyZW5kLU1pY3JvLWRpc2Nsb3Nlcy1zaWxlbnQtdGhyZWF0LWZsYXdzLWluLUF6dXJlLU1M0gEA?oc=5,2023-08-10 07:00:00+00:00,TechTarget,2023.0,2023-08,
52,Protect AI introduces three open-source software tools designed to secure AI/ML environments - Help Net Security,"<a href=""https://news.google.com/rss/articles/CBMiQGh0dHBzOi8vd3d3LmhlbHBuZXRzZWN1cml0eS5jb20vMjAyMy8xMC8wNS9wcm90ZWN0LWFpLW9zcy10b29scy_SAQA?oc=5"" target=""_blank"">Protect AI introduces three open-source software tools designed to secure AI/ML environments</a>&nbsp;&nbsp;<font color=""#6f6f6f"">Help Net Security</font>",https://news.google.com/rss/articles/CBMiQGh0dHBzOi8vd3d3LmhlbHBuZXRzZWN1cml0eS5jb20vMjAyMy8xMC8wNS9wcm90ZWN0LWFpLW9zcy10b29scy_SAQA?oc=5,2023-10-05 07:00:00+00:00,Help Net Security,2023.0,2023-10,
53,Thinking about the security of AI systems - NCSC.GOV.UK - National Cyber Security Centre,"<a href=""https://news.google.com/rss/articles/CBMiRGh0dHBzOi8vd3d3Lm5jc2MuZ292LnVrL2Jsb2ctcG9zdC90aGlua2luZy1hYm91dC1zZWN1cml0eS1haS1zeXN0ZW1z0gEA?oc=5"" target=""_blank"">Thinking about the security of AI systems - NCSC.GOV.UK</a>&nbsp;&nbsp;<font color=""#6f6f6f"">National Cyber Security Centre</font>",https://news.google.com/rss/articles/CBMiRGh0dHBzOi8vd3d3Lm5jc2MuZ292LnVrL2Jsb2ctcG9zdC90aGlua2luZy1hYm91dC1zZWN1cml0eS1haS1zeXN0ZW1z0gEA?oc=5,2023-08-30 07:00:00+00:00,National Cyber Security Centre,2023.0,2023-08,
54,DEF CON Generative AI Hacking Challenge Explored Cutting Edge of Security Vulnerabilities - TechRepublic,"<a href=""https://news.google.com/rss/articles/CBMiQ2h0dHBzOi8vd3d3LnRlY2hyZXB1YmxpYy5jb20vYXJ0aWNsZS9kZWYtY29uLWhhY2tlcnMtZ2VuZXJhdGl2ZS1haS_SAQA?oc=5"" target=""_blank"">DEF CON Generative AI Hacking Challenge Explored Cutting Edge of Security Vulnerabilities</a>&nbsp;&nbsp;<font color=""#6f6f6f"">TechRepublic</font>",https://news.google.com/rss/articles/CBMiQ2h0dHBzOi8vd3d3LnRlY2hyZXB1YmxpYy5jb20vYXJ0aWNsZS9kZWYtY29uLWhhY2tlcnMtZ2VuZXJhdGl2ZS1haS_SAQA?oc=5,2023-08-29 07:00:00+00:00,TechRepublic,2023.0,2023-08,
55,Can AI really be protected from text-based attacks? - TechCrunch,"<a href=""https://news.google.com/rss/articles/CBMiYmh0dHBzOi8vdGVjaGNydW5jaC5jb20vMjAyMy8wMi8yNC9jYW4tbGFuZ3VhZ2UtbW9kZWxzLXJlYWxseS1iZS1wcm90ZWN0ZWQtZnJvbS10ZXh0LWJhc2VkLWF0dGFja3Mv0gFmaHR0cHM6Ly90ZWNoY3J1bmNoLmNvbS8yMDIzLzAyLzI0L2Nhbi1sYW5ndWFnZS1tb2RlbHMtcmVhbGx5LWJlLXByb3RlY3RlZC1mcm9tLXRleHQtYmFzZWQtYXR0YWNrcy9hbXAv?oc=5"" target=""_blank"">Can AI really be protected from text-based attacks?</a>&nbsp;&nbsp;<font color=""#6f6f6f"">TechCrunch</font>",https://news.google.com/rss/articles/CBMiYmh0dHBzOi8vdGVjaGNydW5jaC5jb20vMjAyMy8wMi8yNC9jYW4tbGFuZ3VhZ2UtbW9kZWxzLXJlYWxseS1iZS1wcm90ZWN0ZWQtZnJvbS10ZXh0LWJhc2VkLWF0dGFja3Mv0gFmaHR0cHM6Ly90ZWNoY3J1bmNoLmNvbS8yMDIzLzAyLzI0L2Nhbi1sYW5ndWFnZS1tb2RlbHMtcmVhbGx5LWJlLXByb3RlY3RlZC1mcm9tLXRleHQtYmFzZWQtYXR0YWNrcy9hbXAv?oc=5,2023-02-24 08:00:00+00:00,TechCrunch,2023.0,2023-02,
56,"Hashtag Trending Nov.14-Intel ignores security vulnerability, faces class action lawsuit; Microsoft devises new way to improve LLM’s reasoning; HPE, Nvidia offer building blocks to a supercomputer - IT World Canada","<a href=""https://news.google.com/rss/articles/CBMi6AFodHRwczovL3d3dy5pdHdvcmxkY2FuYWRhLmNvbS9hcnRpY2xlL2hhc2h0YWctdHJlbmRpbmctbm92LTE0LWludGVsLWlnbm9yZXMtc2VjdXJpdHktdnVsbmVyYWJpbGl0eS1mYWNlcy1jbGFzcy1hY3Rpb24tbGF3c3VpdC1taWNyb3NvZnQtZGV2aXNlcy1uZXctd2F5LXRvLWltcHJvdmUtbGxtcy1yZWFzb25pbmctaHBlLW52aWRpYS1vZmZlci1idWlsZGluZy1ibG9ja3MtdG8tYS1zdXBlcmNvbXAvNTUyNjYy0gHuAWh0dHBzOi8vd3d3Lml0d29ybGRjYW5hZGEuY29tL2FydGljbGUvaGFzaHRhZy10cmVuZGluZy1ub3YtMTQtaW50ZWwtaWdub3Jlcy1zZWN1cml0eS12dWxuZXJhYmlsaXR5LWZhY2VzLWNsYXNzLWFjdGlvbi1sYXdzdWl0LW1pY3Jvc29mdC1kZXZpc2VzLW5ldy13YXktdG8taW1wcm92ZS1sbG1zLXJlYXNvbmluZy1ocGUtbnZpZGlhLW9mZmVyLWJ1aWxkaW5nLWJsb2Nrcy10by1hLXN1cGVyY29tcC81NTI2NjI_YW1wPTE?oc=5"" target=""_blank"">Hashtag Trending Nov.14-Intel ignores security vulnerability, faces class action lawsuit; Microsoft devises new way to improve LLM’s reasoning; HPE, Nvidia offer building blocks to a supercomputer</a>&nbsp;&nbsp;<font color=""#6f6f6f"">IT World Canada</font>",https://news.google.com/rss/articles/CBMi6AFodHRwczovL3d3dy5pdHdvcmxkY2FuYWRhLmNvbS9hcnRpY2xlL2hhc2h0YWctdHJlbmRpbmctbm92LTE0LWludGVsLWlnbm9yZXMtc2VjdXJpdHktdnVsbmVyYWJpbGl0eS1mYWNlcy1jbGFzcy1hY3Rpb24tbGF3c3VpdC1taWNyb3NvZnQtZGV2aXNlcy1uZXctd2F5LXRvLWltcHJvdmUtbGxtcy1yZWFzb25pbmctaHBlLW52aWRpYS1vZmZlci1idWlsZGluZy1ibG9ja3MtdG8tYS1zdXBlcmNvbXAvNTUyNjYy0gHuAWh0dHBzOi8vd3d3Lml0d29ybGRjYW5hZGEuY29tL2FydGljbGUvaGFzaHRhZy10cmVuZGluZy1ub3YtMTQtaW50ZWwtaWdub3Jlcy1zZWN1cml0eS12dWxuZXJhYmlsaXR5LWZhY2VzLWNsYXNzLWFjdGlvbi1sYXdzdWl0LW1pY3Jvc29mdC1kZXZpc2VzLW5ldy13YXktdG8taW1wcm92ZS1sbG1zLXJlYXNvbmluZy1ocGUtbnZpZGlhLW9mZmVyLWJ1aWxkaW5nLWJsb2Nrcy10by1hLXN1cGVyY29tcC81NTI2NjI_YW1wPTE?oc=5,2023-11-14 08:00:00+00:00,IT World Canada,2023.0,2023-11,
57,Next Frontier of Cybersecurity: Guarding against Generative AI - Analytics India Magazine,"<a href=""https://news.google.com/rss/articles/CBMiXGh0dHBzOi8vYW5hbHl0aWNzaW5kaWFtYWcuY29tL25leHQtZnJvbnRpZXItb2YtY3liZXJzZWN1cml0eS1ndWFyZGluZy1hZ2FpbnN0LWdlbmVyYXRpdmUtYWkv0gEA?oc=5"" target=""_blank"">Next Frontier of Cybersecurity: Guarding against Generative AI</a>&nbsp;&nbsp;<font color=""#6f6f6f"">Analytics India Magazine</font>",https://news.google.com/rss/articles/CBMiXGh0dHBzOi8vYW5hbHl0aWNzaW5kaWFtYWcuY29tL25leHQtZnJvbnRpZXItb2YtY3liZXJzZWN1cml0eS1ndWFyZGluZy1hZ2FpbnN0LWdlbmVyYXRpdmUtYWkv0gEA?oc=5,2023-07-04 07:00:00+00:00,Analytics India Magazine,2023.0,2023-07,
58,OpenAI's leadership drama underscores why its GPT model security needs fixing - VentureBeat,"<a href=""https://news.google.com/rss/articles/CBMiaGh0dHBzOi8vdmVudHVyZWJlYXQuY29tL2FpL29wZW5haXMtbGVhZGVyc2hpcC1kcmFtYS11bmRlcnNjb3Jlcy13aHktaXRzLWdwdC1tb2RlbC1zZWN1cml0eS1uZWVkcy1maXhpbmcv0gEA?oc=5"" target=""_blank"">OpenAI's leadership drama underscores why its GPT model security needs fixing</a>&nbsp;&nbsp;<font color=""#6f6f6f"">VentureBeat</font>",https://news.google.com/rss/articles/CBMiaGh0dHBzOi8vdmVudHVyZWJlYXQuY29tL2FpL29wZW5haXMtbGVhZGVyc2hpcC1kcmFtYS11bmRlcnNjb3Jlcy13aHktaXRzLWdwdC1tb2RlbC1zZWN1cml0eS1uZWVkcy1maXhpbmcv0gEA?oc=5,2023-11-19 08:00:00+00:00,VentureBeat,2023.0,2023-11,
59,AI researchers say they've found a way to jailbreak Bard and ChatGPT - Cointelegraph,"<a href=""https://news.google.com/rss/articles/CBMiYWh0dHBzOi8vY29pbnRlbGVncmFwaC5jb20vbmV3cy9yZXNlYXJjaGVycy1jbGFpbS1tZXRob2QtdG8tamFpbGJyZWFrLWFpLWNoYXRib3RzLWxsbS1jaGF0Z3B0LWJhcmTSAQA?oc=5"" target=""_blank"">AI researchers say they've found a way to jailbreak Bard and ChatGPT</a>&nbsp;&nbsp;<font color=""#6f6f6f"">Cointelegraph</font>",https://news.google.com/rss/articles/CBMiYWh0dHBzOi8vY29pbnRlbGVncmFwaC5jb20vbmV3cy9yZXNlYXJjaGVycy1jbGFpbS1tZXRob2QtdG8tamFpbGJyZWFrLWFpLWNoYXRib3RzLWxsbS1jaGF0Z3B0LWJhcmTSAQA?oc=5,2023-07-28 07:00:00+00:00,Cointelegraph,2023.0,2023-07,
60,Hackers Use ChatGPT to Conduct Cyber Attacks - Europol - CybersecurityNews,"<a href=""https://news.google.com/rss/articles/CBMiS2h0dHBzOi8vY3liZXJzZWN1cml0eW5ld3MuY29tL2hhY2tlcnMtdXNlLWNoYXRncHQtdG8tY29uZHVjdC1jeWJlci1hdHRhY2tzL9IBAA?oc=5"" target=""_blank"">Hackers Use ChatGPT to Conduct Cyber Attacks - Europol</a>&nbsp;&nbsp;<font color=""#6f6f6f"">CybersecurityNews</font>",https://news.google.com/rss/articles/CBMiS2h0dHBzOi8vY3liZXJzZWN1cml0eW5ld3MuY29tL2hhY2tlcnMtdXNlLWNoYXRncHQtdG8tY29uZHVjdC1jeWJlci1hdHRhY2tzL9IBAA?oc=5,2023-03-29 07:00:00+00:00,CybersecurityNews,2023.0,2023-03,
61,"AI Researchers Uncover Alarming Vulnerabilities in Leading LLMs, Raising Cybersecurity Concerns - Cryptopolitan","<a href=""https://news.google.com/rss/articles/CBMiS2h0dHBzOi8vd3d3LmNyeXB0b3BvbGl0YW4uY29tL2FpLXJlc2VhcmNoZXJzLXZ1bG5lcmFiaWxpdGllcy1sbG1zLWNvbmNlcm5zL9IBAA?oc=5"" target=""_blank"">AI Researchers Uncover Alarming Vulnerabilities in Leading LLMs, Raising Cybersecurity Concerns</a>&nbsp;&nbsp;<font color=""#6f6f6f"">Cryptopolitan</font>",https://news.google.com/rss/articles/CBMiS2h0dHBzOi8vd3d3LmNyeXB0b3BvbGl0YW4uY29tL2FpLXJlc2VhcmNoZXJzLXZ1bG5lcmFiaWxpdGllcy1sbG1zLWNvbmNlcm5zL9IBAA?oc=5,2023-10-15 07:00:00+00:00,Cryptopolitan,2023.0,2023-10,
62,How To Hack Google's Bard And All Other Chatbots - Dataconomy,"<a href=""https://news.google.com/rss/articles/CBMiQ2h0dHBzOi8vZGF0YWNvbm9teS5jb20vMjAyMy8wOS8wMS9ob3ctdG8taGFjay1nb29nbGUtYmFyZC1jaGF0Ym90cy_SAQA?oc=5"" target=""_blank"">How To Hack Google's Bard And All Other Chatbots</a>&nbsp;&nbsp;<font color=""#6f6f6f"">Dataconomy</font>",https://news.google.com/rss/articles/CBMiQ2h0dHBzOi8vZGF0YWNvbm9teS5jb20vMjAyMy8wOS8wMS9ob3ctdG8taGFjay1nb29nbGUtYmFyZC1jaGF0Ym90cy_SAQA?oc=5,2023-09-01 07:00:00+00:00,Dataconomy,2023.0,2023-09,
63,OWASP Released Top 10 Critical Vulnerabilities for LLMs(AI models) - GBHackers,"<a href=""https://news.google.com/rss/articles/CBMiKGh0dHBzOi8vZ2JoYWNrZXJzLmNvbS9vd2FzcC10b3AtMTAtbGxtcy_SASxodHRwczovL2diaGFja2Vycy5jb20vb3dhc3AtdG9wLTEwLWxsbXMvYW1wLw?oc=5"" target=""_blank"">OWASP Released Top 10 Critical Vulnerabilities for LLMs(AI models)</a>&nbsp;&nbsp;<font color=""#6f6f6f"">GBHackers</font>",https://news.google.com/rss/articles/CBMiKGh0dHBzOi8vZ2JoYWNrZXJzLmNvbS9vd2FzcC10b3AtMTAtbGxtcy_SASxodHRwczovL2diaGFja2Vycy5jb20vb3dhc3AtdG9wLTEwLWxsbXMvYW1wLw?oc=5,2023-07-19 07:00:00+00:00,GBHackers,2023.0,2023-07,
64,LLM meets Malware: Starting the Era of Autonomous Threat - Security Affairs,"<a href=""https://news.google.com/rss/articles/CBMiQWh0dHBzOi8vc2VjdXJpdHlhZmZhaXJzLmNvbS8xNDc0NDcvbWFsd2FyZS9sbG0tbWVldHMtbWFsd2FyZS5odG1s0gFFaHR0cHM6Ly9zZWN1cml0eWFmZmFpcnMuY29tLzE0NzQ0Ny9tYWx3YXJlL2xsbS1tZWV0cy1tYWx3YXJlLmh0bWw_YW1w?oc=5"" target=""_blank"">LLM meets Malware: Starting the Era of Autonomous Threat</a>&nbsp;&nbsp;<font color=""#6f6f6f"">Security Affairs</font>",https://news.google.com/rss/articles/CBMiQWh0dHBzOi8vc2VjdXJpdHlhZmZhaXJzLmNvbS8xNDc0NDcvbWFsd2FyZS9sbG0tbWVldHMtbWFsd2FyZS5odG1s0gFFaHR0cHM6Ly9zZWN1cml0eWFmZmFpcnMuY29tLzE0NzQ0Ny9tYWx3YXJlL2xsbS1tZWV0cy1tYWx3YXJlLmh0bWw_YW1w?oc=5,2023-06-14 07:00:00+00:00,Security Affairs,2023.0,2023-06,
65,AI and the Five Phases of the Threat Intelligence Lifecycle - Mandiant,"<a href=""https://news.google.com/rss/articles/CBMiTWh0dHBzOi8vd3d3Lm1hbmRpYW50LmNvbS9yZXNvdXJjZXMvYmxvZy9haS1maXZlLXBoYXNlcy1pbnRlbGxpZ2VuY2UtbGlmZWN5Y2xl0gEA?oc=5"" target=""_blank"">AI and the Five Phases of the Threat Intelligence Lifecycle</a>&nbsp;&nbsp;<font color=""#6f6f6f"">Mandiant</font>",https://news.google.com/rss/articles/CBMiTWh0dHBzOi8vd3d3Lm1hbmRpYW50LmNvbS9yZXNvdXJjZXMvYmxvZy9haS1maXZlLXBoYXNlcy1pbnRlbGxpZ2VuY2UtbGlmZWN5Y2xl0gEA?oc=5,2023-08-24 07:00:00+00:00,Mandiant,2023.0,2023-08,
66,Ensuring the Security of Large Language Models: Strategies and Best Practices - Experts Exchange,"<a href=""https://news.google.com/rss/articles/CBMigQFodHRwczovL3d3dy5leHBlcnRzLWV4Y2hhbmdlLmNvbS9hcnRpY2xlcy8zODIyMC9FbnN1cmluZy10aGUtU2VjdXJpdHktb2YtTGFyZ2UtTGFuZ3VhZ2UtTW9kZWxzLVN0cmF0ZWdpZXMtYW5kLUJlc3QtUHJhY3RpY2VzLmh0bWzSAQA?oc=5"" target=""_blank"">Ensuring the Security of Large Language Models: Strategies and Best Practices</a>&nbsp;&nbsp;<font color=""#6f6f6f"">Experts Exchange</font>",https://news.google.com/rss/articles/CBMigQFodHRwczovL3d3dy5leHBlcnRzLWV4Y2hhbmdlLmNvbS9hcnRpY2xlcy8zODIyMC9FbnN1cmluZy10aGUtU2VjdXJpdHktb2YtTGFyZ2UtTGFuZ3VhZ2UtTW9kZWxzLVN0cmF0ZWdpZXMtYW5kLUJlc3QtUHJhY3RpY2VzLmh0bWzSAQA?oc=5,2023-06-19 07:00:00+00:00,Experts Exchange,2023.0,2023-06,
67,Expert Insight: Dangers of Using Large Language Models Before They Are Baked - Dark Reading,"<a href=""https://news.google.com/rss/articles/CBMif2h0dHBzOi8vd3d3LmRhcmtyZWFkaW5nLmNvbS92dWxuZXJhYmlsaXRpZXMtdGhyZWF0cy9leHBlcnQtaW5zaWdodC1kYW5nZXJzLW9mLXVzaW5nLWxhcmdlLWxhbmd1YWdlLW1vZGVscy1iZWZvcmUtdGhleS1hcmUtYmFrZWTSAQA?oc=5"" target=""_blank"">Expert Insight: Dangers of Using Large Language Models Before They Are Baked</a>&nbsp;&nbsp;<font color=""#6f6f6f"">Dark Reading</font>",https://news.google.com/rss/articles/CBMif2h0dHBzOi8vd3d3LmRhcmtyZWFkaW5nLmNvbS92dWxuZXJhYmlsaXRpZXMtdGhyZWF0cy9leHBlcnQtaW5zaWdodC1kYW5nZXJzLW9mLXVzaW5nLWxhcmdlLWxhbmd1YWdlLW1vZGVscy1iZWZvcmUtdGhleS1hcmUtYmFrZWTSAQA?oc=5,2023-04-20 07:00:00+00:00,Dark Reading,2023.0,2023-04,
68,"Week in review: 18 free Microsoft Azure cybersecurity resources, K8 vulnerability allows RCE - Help Net Security","<a href=""https://news.google.com/rss/articles/CBMihgFodHRwczovL3d3dy5oZWxwbmV0c2VjdXJpdHkuY29tLzIwMjMvMDkvMjQvd2Vlay1pbi1yZXZpZXctMTgtZnJlZS1taWNyb3NvZnQtYXp1cmUtY3liZXJzZWN1cml0eS1yZXNvdXJjZXMtazgtdnVsbmVyYWJpbGl0eS1hbGxvd3MtcmNlL9IBAA?oc=5"" target=""_blank"">Week in review: 18 free Microsoft Azure cybersecurity resources, K8 vulnerability allows RCE</a>&nbsp;&nbsp;<font color=""#6f6f6f"">Help Net Security</font>",https://news.google.com/rss/articles/CBMihgFodHRwczovL3d3dy5oZWxwbmV0c2VjdXJpdHkuY29tLzIwMjMvMDkvMjQvd2Vlay1pbi1yZXZpZXctMTgtZnJlZS1taWNyb3NvZnQtYXp1cmUtY3liZXJzZWN1cml0eS1yZXNvdXJjZXMtazgtdnVsbmVyYWJpbGl0eS1hbGxvd3MtcmNlL9IBAA?oc=5,2023-09-24 07:00:00+00:00,Help Net Security,2023.0,2023-09,
69,GPT-4 is Vulnerable to Prompt Injection Attacks on Causing Misinformation - KDnuggets,"<a href=""https://news.google.com/rss/articles/CBMiZmh0dHBzOi8vd3d3LmtkbnVnZ2V0cy5jb20vMjAyMy8wNS9ncHQ0LXZ1bG5lcmFibGUtcHJvbXB0LWluamVjdGlvbi1hdHRhY2tzLWNhdXNpbmctbWlzaW5mb3JtYXRpb24uaHRtbNIBAA?oc=5"" target=""_blank"">GPT-4 is Vulnerable to Prompt Injection Attacks on Causing Misinformation</a>&nbsp;&nbsp;<font color=""#6f6f6f"">KDnuggets</font>",https://news.google.com/rss/articles/CBMiZmh0dHBzOi8vd3d3LmtkbnVnZ2V0cy5jb20vMjAyMy8wNS9ncHQ0LXZ1bG5lcmFibGUtcHJvbXB0LWluamVjdGlvbi1hdHRhY2tzLWNhdXNpbmctbWlzaW5mb3JtYXRpb24uaHRtbNIBAA?oc=5,2023-05-26 07:00:00+00:00,KDnuggets,2023.0,2023-05,
70,"""Prompt injection""attack allows hacking into LLM AI chatbots like ChatGPT, Bard - Information Security Newspaper","<a href=""https://news.google.com/rss/articles/CBMiemh0dHBzOi8vd3d3LnNlY3VyaXR5bmV3c3BhcGVyLmNvbS8yMDIzLzA5LzAxL3Byb21wdC1pbmplY3Rpb25hdHRhY2stYWxsb3dzLWhhY2tpbmctaW50by1sbG0tYWktY2hhdGJvdHMtbGlrZS1jaGF0Z3B0LWJhcmQv0gEA?oc=5"" target=""_blank"">""Prompt injection""attack allows hacking into LLM AI chatbots like ChatGPT, Bard</a>&nbsp;&nbsp;<font color=""#6f6f6f"">Information Security Newspaper</font>",https://news.google.com/rss/articles/CBMiemh0dHBzOi8vd3d3LnNlY3VyaXR5bmV3c3BhcGVyLmNvbS8yMDIzLzA5LzAxL3Byb21wdC1pbmplY3Rpb25hdHRhY2stYWxsb3dzLWhhY2tpbmctaW50by1sbG0tYWktY2hhdGJvdHMtbGlrZS1jaGF0Z3B0LWJhcmQv0gEA?oc=5,2023-09-01 07:00:00+00:00,Information Security Newspaper,2023.0,2023-09,
71,Researchers Publish Attack Algorithm for ChatGPT and Other LLMs - InfoQ.com,"<a href=""https://news.google.com/rss/articles/CBMiLmh0dHBzOi8vd3d3LmluZm9xLmNvbS9uZXdzLzIwMjMvMDgvbGxtLWF0dGFjay_SAQA?oc=5"" target=""_blank"">Researchers Publish Attack Algorithm for ChatGPT and Other LLMs</a>&nbsp;&nbsp;<font color=""#6f6f6f"">InfoQ.com</font>",https://news.google.com/rss/articles/CBMiLmh0dHBzOi8vd3d3LmluZm9xLmNvbS9uZXdzLzIwMjMvMDgvbGxtLWF0dGFjay_SAQA?oc=5,2023-08-01 07:00:00+00:00,InfoQ.com,2023.0,2023-08,
72,ChatGPT and LLMs: what's the risk - NCSC.GOV.UK - National Cyber Security Centre,"<a href=""https://news.google.com/rss/articles/CBMiUmh0dHBzOi8vd3d3Lm5jc2MuZ292LnVrL2Jsb2ctcG9zdC9jaGF0Z3B0LWFuZC1sYXJnZS1sYW5ndWFnZS1tb2RlbHMtd2hhdHMtdGhlLXJpc2vSAQA?oc=5"" target=""_blank"">ChatGPT and LLMs: what's the risk - NCSC.GOV.UK</a>&nbsp;&nbsp;<font color=""#6f6f6f"">National Cyber Security Centre</font>",https://news.google.com/rss/articles/CBMiUmh0dHBzOi8vd3d3Lm5jc2MuZ292LnVrL2Jsb2ctcG9zdC9jaGF0Z3B0LWFuZC1sYXJnZS1sYW5ndWFnZS1tb2RlbHMtd2hhdHMtdGhlLXJpc2vSAQA?oc=5,2023-03-14 07:00:00+00:00,National Cyber Security Centre,2023.0,2023-03,
73,"Open Source LLM Projects Likely Insecure, Risky to Use - Dark Reading","<a href=""https://news.google.com/rss/articles/CBMiUWh0dHBzOi8vd3d3LmRhcmtyZWFkaW5nLmNvbS9jeWJlci1yaXNrL29wZW4tc291cmNlLWxsbS1wcm9qZWN0LWluc2VjdXJlLXJpc2t5LXVzZdIBAA?oc=5"" target=""_blank"">Open Source LLM Projects Likely Insecure, Risky to Use</a>&nbsp;&nbsp;<font color=""#6f6f6f"">Dark Reading</font>",https://news.google.com/rss/articles/CBMiUWh0dHBzOi8vd3d3LmRhcmtyZWFkaW5nLmNvbS9jeWJlci1yaXNrL29wZW4tc291cmNlLWxsbS1wcm9qZWN0LWluc2VjdXJlLXJpc2t5LXVzZdIBAA?oc=5,2023-06-28 07:00:00+00:00,Dark Reading,2023.0,2023-06,
74,"NetSPI Debuts ML/AI Penetration Testing, a Holistic Approach to Securing Machine Learning Models and LLM ... - PR Newswire","<a href=""https://news.google.com/rss/articles/CBMirgFodHRwczovL3d3dy5wcm5ld3N3aXJlLmNvbS9uZXdzLXJlbGVhc2VzL25ldHNwaS1kZWJ1dHMtbWxhaS1wZW5ldHJhdGlvbi10ZXN0aW5nLWEtaG9saXN0aWMtYXBwcm9hY2gtdG8tc2VjdXJpbmctbWFjaGluZS1sZWFybmluZy1tb2RlbHMtYW5kLWxsbS1pbXBsZW1lbnRhdGlvbnMtMzAxODk1MTA3Lmh0bWzSAQA?oc=5"" target=""_blank"">NetSPI Debuts ML/AI Penetration Testing, a Holistic Approach to Securing Machine Learning Models and LLM ...</a>&nbsp;&nbsp;<font color=""#6f6f6f"">PR Newswire</font>",https://news.google.com/rss/articles/CBMirgFodHRwczovL3d3dy5wcm5ld3N3aXJlLmNvbS9uZXdzLXJlbGVhc2VzL25ldHNwaS1kZWJ1dHMtbWxhaS1wZW5ldHJhdGlvbi10ZXN0aW5nLWEtaG9saXN0aWMtYXBwcm9hY2gtdG8tc2VjdXJpbmctbWFjaGluZS1sZWFybmluZy1tb2RlbHMtYW5kLWxsbS1pbXBsZW1lbnRhdGlvbnMtMzAxODk1MTA3Lmh0bWzSAQA?oc=5,2023-08-08 07:00:00+00:00,PR Newswire,2023.0,2023-08,
75,NCSC warns over possible AI prompt injection attacks - ComputerWeekly.com,"<a href=""https://news.google.com/rss/articles/CBMiYmh0dHBzOi8vd3d3LmNvbXB1dGVyd2Vla2x5LmNvbS9uZXdzLzM2NjU1MDE0Mi9OQ1NDLXdhcm5zLW92ZXItcG9zc2libGUtQUktcHJvbXB0LWluamVjdGlvbi1hdHRhY2tz0gEA?oc=5"" target=""_blank"">NCSC warns over possible AI prompt injection attacks</a>&nbsp;&nbsp;<font color=""#6f6f6f"">ComputerWeekly.com</font>",https://news.google.com/rss/articles/CBMiYmh0dHBzOi8vd3d3LmNvbXB1dGVyd2Vla2x5LmNvbS9uZXdzLzM2NjU1MDE0Mi9OQ1NDLXdhcm5zLW92ZXItcG9zc2libGUtQUktcHJvbXB0LWluamVjdGlvbi1hdHRhY2tz0gEA?oc=5,2023-08-30 07:00:00+00:00,ComputerWeekly.com,2023.0,2023-08,
76,DEF CON's AI Village Pits Hackers Against LLMs to Find Flaws - Dark Reading,"<a href=""https://news.google.com/rss/articles/CBMibGh0dHBzOi8vd3d3LmRhcmtyZWFkaW5nLmNvbS9hcHBsaWNhdGlvbi1zZWN1cml0eS9kZWYtY29ucy1haS12aWxsYWdlLXBpdHMtaGFja2Vycy1hZ2FpbnN0LWxsbXMtdG8tZmluZC1mbGF3c9IBAA?oc=5"" target=""_blank"">DEF CON's AI Village Pits Hackers Against LLMs to Find Flaws</a>&nbsp;&nbsp;<font color=""#6f6f6f"">Dark Reading</font>",https://news.google.com/rss/articles/CBMibGh0dHBzOi8vd3d3LmRhcmtyZWFkaW5nLmNvbS9hcHBsaWNhdGlvbi1zZWN1cml0eS9kZWYtY29ucy1haS12aWxsYWdlLXBpdHMtaGFja2Vycy1hZ2FpbnN0LWxsbXMtdG8tZmluZC1mbGF3c9IBAA?oc=5,2023-08-21 07:00:00+00:00,Dark Reading,2023.0,2023-08,
77,Google Outlines Common Red Team Attacks Targeting AI Systems - GBHackers,"<a href=""https://news.google.com/rss/articles/CBMiPGh0dHBzOi8vZ2JoYWNrZXJzLmNvbS9yZWQtdGVhbS1hdHRhY2tzLXRhcmdldGluZy1haS1zeXN0ZW1zL9IBQGh0dHBzOi8vZ2JoYWNrZXJzLmNvbS9yZWQtdGVhbS1hdHRhY2tzLXRhcmdldGluZy1haS1zeXN0ZW1zL2FtcC8?oc=5"" target=""_blank"">Google Outlines Common Red Team Attacks Targeting AI Systems</a>&nbsp;&nbsp;<font color=""#6f6f6f"">GBHackers</font>",https://news.google.com/rss/articles/CBMiPGh0dHBzOi8vZ2JoYWNrZXJzLmNvbS9yZWQtdGVhbS1hdHRhY2tzLXRhcmdldGluZy1haS1zeXN0ZW1zL9IBQGh0dHBzOi8vZ2JoYWNrZXJzLmNvbS9yZWQtdGVhbS1hdHRhY2tzLXRhcmdldGluZy1haS1zeXN0ZW1zL2FtcC8?oc=5,2023-07-21 07:00:00+00:00,GBHackers,2023.0,2023-07,
78,A New Attack Impacts ChatGPT—and No One Knows How to Stop It - WIRED,"<a href=""https://news.google.com/rss/articles/CBMiM2h0dHBzOi8vd3d3LndpcmVkLmNvbS9zdG9yeS9haS1hZHZlcnNhcmlhbC1hdHRhY2tzL9IBAA?oc=5"" target=""_blank"">A New Attack Impacts ChatGPT—and No One Knows How to Stop It</a>&nbsp;&nbsp;<font color=""#6f6f6f"">WIRED</font>",https://news.google.com/rss/articles/CBMiM2h0dHBzOi8vd3d3LndpcmVkLmNvbS9zdG9yeS9haS1hZHZlcnNhcmlhbC1hdHRhY2tzL9IBAA?oc=5,2023-08-01 07:00:00+00:00,WIRED,2023.0,2023-08,
79,Unraveling the Risks: Cybersecurity and Large Language Models (LLMs) - Security Boulevard,"<a href=""https://news.google.com/rss/articles/CBMiaGh0dHBzOi8vc2VjdXJpdHlib3VsZXZhcmQuY29tLzIwMjMvMDUvdW5yYXZlbGluZy10aGUtcmlza3MtY3liZXJzZWN1cml0eS1hbmQtbGFyZ2UtbGFuZ3VhZ2UtbW9kZWxzLWxsbXMv0gFsaHR0cHM6Ly9zZWN1cml0eWJvdWxldmFyZC5jb20vMjAyMy8wNS91bnJhdmVsaW5nLXRoZS1yaXNrcy1jeWJlcnNlY3VyaXR5LWFuZC1sYXJnZS1sYW5ndWFnZS1tb2RlbHMtbGxtcy9hbXAv?oc=5"" target=""_blank"">Unraveling the Risks: Cybersecurity and Large Language Models (LLMs)</a>&nbsp;&nbsp;<font color=""#6f6f6f"">Security Boulevard</font>",https://news.google.com/rss/articles/CBMiaGh0dHBzOi8vc2VjdXJpdHlib3VsZXZhcmQuY29tLzIwMjMvMDUvdW5yYXZlbGluZy10aGUtcmlza3MtY3liZXJzZWN1cml0eS1hbmQtbGFyZ2UtbGFuZ3VhZ2UtbW9kZWxzLWxsbXMv0gFsaHR0cHM6Ly9zZWN1cml0eWJvdWxldmFyZC5jb20vMjAyMy8wNS91bnJhdmVsaW5nLXRoZS1yaXNrcy1jeWJlcnNlY3VyaXR5LWFuZC1sYXJnZS1sYW5ndWFnZS1tb2RlbHMtbGxtcy9hbXAv?oc=5,2023-05-04 07:00:00+00:00,Security Boulevard,2023.0,2023-05,
80,Researchers put LLMs to the test in phishing email experiment - TechTarget,"<a href=""https://news.google.com/rss/articles/CBMidmh0dHBzOi8vd3d3LnRlY2h0YXJnZXQuY29tL3NlYXJjaHNlY3VyaXR5L25ld3MvMzY2NTQ3OTEyL1Jlc2VhcmNoZXJzLXB1dC1MTE1zLXRvLXRoZS10ZXN0LWluLXBoaXNoaW5nLWVtYWlsLWV4cGVyaW1lbnTSAQA?oc=5"" target=""_blank"">Researchers put LLMs to the test in phishing email experiment</a>&nbsp;&nbsp;<font color=""#6f6f6f"">TechTarget</font>",https://news.google.com/rss/articles/CBMidmh0dHBzOi8vd3d3LnRlY2h0YXJnZXQuY29tL3NlYXJjaHNlY3VyaXR5L25ld3MvMzY2NTQ3OTEyL1Jlc2VhcmNoZXJzLXB1dC1MTE1zLXRvLXRoZS10ZXN0LWluLXBoaXNoaW5nLWVtYWlsLWV4cGVyaW1lbnTSAQA?oc=5,2023-08-10 07:00:00+00:00,TechTarget,2023.0,2023-08,
81,How prompt injection attacks hijack today's top-end AI – and it's tough to fix - The Register,"<a href=""https://news.google.com/rss/articles/CBMiR2h0dHBzOi8vd3d3LnRoZXJlZ2lzdGVyLmNvbS8yMDIzLzA0LzI2L3NpbW9uX3dpbGxpc29uX3Byb21wdF9pbmplY3Rpb24v0gFLaHR0cHM6Ly93d3cudGhlcmVnaXN0ZXIuY29tL0FNUC8yMDIzLzA0LzI2L3NpbW9uX3dpbGxpc29uX3Byb21wdF9pbmplY3Rpb24v?oc=5"" target=""_blank"">How prompt injection attacks hijack today's top-end AI – and it's tough to fix</a>&nbsp;&nbsp;<font color=""#6f6f6f"">The Register</font>",https://news.google.com/rss/articles/CBMiR2h0dHBzOi8vd3d3LnRoZXJlZ2lzdGVyLmNvbS8yMDIzLzA0LzI2L3NpbW9uX3dpbGxpc29uX3Byb21wdF9pbmplY3Rpb24v0gFLaHR0cHM6Ly93d3cudGhlcmVnaXN0ZXIuY29tL0FNUC8yMDIzLzA0LzI2L3NpbW9uX3dpbGxpc29uX3Byb21wdF9pbmplY3Rpb24v?oc=5,2023-04-26 07:00:00+00:00,The Register,2023.0,2023-04,
82,Researchers find 'universal' jailbreak prompts for multiple AI chat models - SC Media,"<a href=""https://news.google.com/rss/articles/CBMiaGh0dHBzOi8vd3d3LnNjbWFnYXppbmUuY29tL25ld3MvcmVzZWFyY2hlcnMtZmluZC11bml2ZXJzYWwtamFpbGJyZWFrLXByb21wdHMtZm9yLW11bHRpcGxlLWFpLWNoYXQtbW9kZWxz0gEA?oc=5"" target=""_blank"">Researchers find 'universal' jailbreak prompts for multiple AI chat models</a>&nbsp;&nbsp;<font color=""#6f6f6f"">SC Media</font>",https://news.google.com/rss/articles/CBMiaGh0dHBzOi8vd3d3LnNjbWFnYXppbmUuY29tL25ld3MvcmVzZWFyY2hlcnMtZmluZC11bml2ZXJzYWwtamFpbGJyZWFrLXByb21wdHMtZm9yLW11bHRpcGxlLWFpLWNoYXQtbW9kZWxz0gEA?oc=5,2023-07-28 07:00:00+00:00,SC Media,2023.0,2023-07,
83,Researchers find a way to easily bypass guardrails on OpenAI's ChatGPT and all other A.I. chatbots - Yahoo Finance,"<a href=""https://news.google.com/rss/articles/CBMiVmh0dHBzOi8vZmluYW5jZS55YWhvby5jb20vbmV3cy9yZXNlYXJjaGVycy13YXktZWFzaWx5LWJ5cGFzcy1ndWFyZHJhaWxzLTE4MzAwOTYyOC5odG1s0gEA?oc=5"" target=""_blank"">Researchers find a way to easily bypass guardrails on OpenAI's ChatGPT and all other A.I. chatbots</a>&nbsp;&nbsp;<font color=""#6f6f6f"">Yahoo Finance</font>",https://news.google.com/rss/articles/CBMiVmh0dHBzOi8vZmluYW5jZS55YWhvby5jb20vbmV3cy9yZXNlYXJjaGVycy13YXktZWFzaWx5LWJ5cGFzcy1ndWFyZHJhaWxzLTE4MzAwOTYyOC5odG1s0gEA?oc=5,2023-07-28 07:00:00+00:00,Yahoo Finance,2023.0,2023-07,
0,"Digital Rights, Privacy and Security",,https://www.lse.ac.uk/resources/calendar2022-2023/courseGuides/LL/2022_LL4S4.htm,2022-07-13 04:56:00+00:00,lse,,2022-07,"This course is available on the LLM (extended part-time), LLM (full-time), MSc in Regulation ... a detrimental impact on established rights and values, such as autonomy, privacy and data protection. As a result, legal frameworks to regulate personal ..."
1,Data Privacy and Cybersecurity: 2023 Trends,,https://www.reuters.com/practical-law-the-journal/transactional/data-privacy-cybersecurity-2023-trends-2024-02-01/,2024-02-01 00:00:00+00:00,Reuters,,2024-02,"More high-profile cyber incidents, especially attacks on the software supply ... the primary federal agency regulating consumer privacy and data security. It derives its authority to protect ..."
2,How ransomware attacks at Wichita hospitals threaten your privacy and health,,https://www.msn.com/en-us/health/other/how-ransomware-attacks-at-wichita-hospitals-threaten-your-privacy-and-health/ar-BB1hiIHe,2024-01-26 12:13:00+00:00,MSN,,2024-01,"While ransomware attacks are common across many industries, they pose a particular danger in health care. Patients’ privacy and lives ... enforcement and outside security consultants, most ..."
3,The BR Privacy & Security Download: February 2024,,https://www.jdsupra.com/legalnews/the-br-privacy-security-download-4358447/,2024-02-08 23:59:00+00:00,JD Supra,,2024-02,"New Jersey has become the fourteenth state to enact a comprehensive privacy ... a ransomware attack where a cyber-attacker accessed the data of approximately 250,000 New Yorkers, including names, addresses, phone numbers, social security numbers, and ..."
4,The Hacker News | #1 Trusted Cybersecurity News Site — Index Page,,https://thehackernews.com/search?updated-max=2024-01-31T05:38:00-08:00&max-results=10,2023-11-23 06:04:00+00:00,The Hacker News,,2023-11,"The Hacker News is the most trusted and popular cybersecurity publication for information security professionals seeking breaking news, actionable insights and analysis."
5,Cybercriminals creating AI chatbots to hack and scam users,,https://mybroadband.co.za/news/security/524608-cybercriminals-creating-ai-chatbots-to-hack-and-scam-users.html,2024-02-11 12:20:00+00:00,MyBroadband,,2024-02,"Two professors of cybersecurity weigh the benefits of artificial intelligence tools to their risks, and offer advice on how to avoid becoming a victim of AI-infused cyberattacks."
6,Italian Data Protection Watchdog Accuses ChatGPT of Privacy Violations,,https://thehackernews.com/2024/01/italian-data-protection-watchdog.html,2024-01-30 10:48:00+00:00,The Hacker News,,2024-01,Italy's data watchdog accuses ChatGPT of violating EU privacy laws by collecting sensitive data and exposing children to inappropriate content.
7,Cybersecurity M&A Roundup: 34 Deals Announced in January 2024,,https://www.securityweek.com/cybersecurity-ma-roundup-34-deals-announced-in-january-2024/,2024-02-07 11:58:00+00:00,SecurityWeek,,2024-02,"Thirty-four cybersecurity-related merger and acquisition (M&A) deals were announced in January 2024. An analysis conducted by SecurityWeek shows that more than 400 cybersecurity M&A deals were announced in 2023, with a drop seen in both volume and disclosed deal value."
8,Online Cybersecurity Degree,,https://www.usnews.com/education/online-education/cyber-security-bachelors-degree,2013-03-18 16:19:00+00:00,U.S. News & World Report,,2013-03,"In later years, these programs explore more advanced courses in topics such as network security, digital forensics ... cyber threats and protect the privacy of their data. Degree holders should ..."
9,Cyber Crime & Security,,https://www.statista.com/markets/424/topic/1065/cyber-crime-security/,2021-04-08 19:57:00+00:00,Statista,,2021-04,Further details: Visit original statistic Percentage of organizations worldwide that experienced cyber attacks from 2021 ... protection for the rights and privacy of citizens.
10,"Hacking, Security & Privacy News - Page 1",,https://www.tweaktown.com/news/hacking_and_security/index.html,2023-09-27 05:27:00+00:00,TweakTown,,2023-09,"If you were worried about your webcam being a privacy threat ... According to a new report at Cyber Security Connect, a ransomware group called Ransomed.vc claims that it has compromised all ..."
11,Best VPN with antivirus of 2024,,https://www.techradar.com/vpn/vpn-and-antivirus,2024-01-25 15:38:00+00:00,TechRadar,,2024-01,"Both VPNs and antivirus solutions can help to protect your privacy and data, but they do so in quite different ways, to cover the multiple layers of your overall security posture. Antivirus ..."
12,Nucleus Security Raises $43 Million Series B Funding to Lead Innovation in Enterprise Risk-Based Vulnerability Management,,https://www.tmcnet.com/usubmit/2024/02/12/9961035.htm,2024-02-12 20:53:00+00:00,TMCnet,,2024-02,"In-Q-Tel (IQT), the not-for-profit strategic investor for the U.S. national security community and its allies, joined the Series B round as a new investor and partner. Through this partnership, Nucleus will ensure that its capabilities evolve to serve the needs of government agencies responsible for national security and critical infrastructure."
13,Biden facing growing pressure on response to Iran over deadly drone attack,,https://news.yahoo.com/gma/biden-facing-growing-pressure-response-123300849.html,2024-01-30 12:33:00+00:00,YAHOO!News,,2024-01,"President Joe Biden on Tuesday faced increasing pressure to forcefully respond to Sunday's drone attack by Iran-backed militants that killed three American service members and wounded at least 40 others,"
14,Badge Innovation Cracks the Code in Security by Removing PII and Biometric Storage as Attack Vector for Data Breaches,,https://finance.yahoo.com/news/badge-innovation-cracks-code-security-140000383.html,2024-01-17 09:00:00+00:00,Yahoo Finance,,2024-01,"Ray Rothrock, Badge advisor, venture capitalist, former CEO of Red Seal, and cyber expert commented, ""The problem of storing credentials has vexed the security community for decades. In a sea of ..."
15,"Hong Kong privacy watchdog calls for more data security training, says it logged 50% surge in breaches and hacking cases in 2023",,https://www.scmp.com/news/hong-kong/society/article/3250181/hong-kong-privacy-watchdog-calls-more-data-security-training-says-it-logged-50-surge-breaches-and,2024-02-04 21:03:00+00:00,scmp.com,,2024-02,Hong Kong’s privacy watchdog has said it will prioritise education activities on data security after it logged ... the body was hit by a ransomware attack. Hong Kong tech hub Cyberport alerts ...
16,"Massive Attack On Al Assad Air Base In Iraq, Airstrikes Hit Houthi Missiles (Updated)",,https://currently.att.yahoo.com/news/massive-attack-al-assad-air-214819320.html,2024-01-20 13:48:00+00:00,Yahoo,,2024-01,"It's been a very active day in terms of hostilities in the Middle East. Al Assad Air Base in Iraq, where U.S. military personnel and contractors are based, came under a massive barrage from Iranian-aligned militant groups in the country. The attack was so ..."
17,LMG Security and Surefire Cyber Announce Partnership to Bolster Proactive Cybersecurity and Incident Response Services,,https://www.tmcnet.com/usubmit/2024/02/07/9958918.htm,2024-02-07 14:06:00+00:00,TMCnet,,2024-02,"""We are excited to partner with Surefire Cyber,"" said Sherri Davidoff, CEO of LMG Security. ""Their innovative incident response model is the perfect complement to LMG's proactive cybersecurity services,"
18,"Digital Rights, Privacy and Security",,https://www.lse.ac.uk/resources/calendar2020-2021/courseGuides/LL/2020_LL4S4.htm,2020-10-13 05:54:00+00:00,lse,,2020-10,"This course is available on the LLM (extended part-time), LLM (full-time), MSc in Regulation ... a detrimental impact on established rights and values, such as autonomy, privacy and data protection. As a result, legal frameworks to regulate personal ..."
19,How ransomware attacks at Wichita hospitals threaten your privacy and health,,https://news.yahoo.com/ransomware-attacks-wichita-hospitals-threaten-145854543.html,2024-01-26 00:00:00+00:00,Yahoo News,,2024-01,"At the beginning of 2023, Wichita Urology announced that hackers had stolen the names, addresses, birthdates, Social Security ... attacks are common across many industries, they pose a particular danger in health care. Patients’ privacy and lives are ..."
20,10 Best Zoom Settings For Security and Privacy,,https://www.thewindowsclub.com/zoom-settings-for-security-and-privacy,2020-08-09 20:39:00+00:00,TWCN Tech News,,2020-08,"Video-conferencing app Zoom wasn’t really this popular before COVID-19. Since most of the companies have allowed their employees to work from home, Zoom has become one of the most commonly used ..."
21,Russia has launched North Korean missiles at least 9 times in Ukraine: U.S. diplomat,,https://www.msn.com/en-us/news/world/russia-has-launched-north-korean-missiles-at-least-9-times-in-ukraine-us-diplomat/ar-BB1hUC8Z,2024-02-07 12:59:08+00:00, UPI News on MSN.com,,2024-02,"Russia has attacked Ukraine at least nine times with missiles supplied by North Korea, a U.S. diplomat said, highlighting concerns over the growing military cooperation between Moscow and Pyongyang."
22,"Security Bite: Use these iPhone privacy and security features in iOS 17.3, more",,https://9to5mac.com/2024/02/04/security-bite-use-these-iphone-privacy-and-security-features-in-ios-17-3-more/,2024-02-04 17:58:00+00:00,9to5Mac,,2024-02,"It also enacts a one-hour security delay ... or in a SIM hijacking attack, but once a code is used, it is generally considered useless. Apple’s new Photos privacy permissions are likely one ..."
23,‘This process is time-intensive’,,https://centraljersey.com/2024/02/07/social-security-numbers-could-be-exposed-due-to-cyberattack-on-capital-health/,2024-02-07 00:00:00+00:00,Central Jersey,,2024-02,“Capital Health endeavors to protect the privacy and security of personal information ... system in New Jersey hit by a cybersecurity attack in the previous year. Hackensack Meridan had two ...
24,MSc ACS: Computer Security,,https://www.manchester.ac.uk/study/masters/courses/list/08343/msc-acs-computer-security/all-content/,2024-01-12 00:00:00+00:00,University of Manchester,,2024-01,"These on-line activities, many conducted beyond national boundaries, have opened up enormous opportunities for security attacks such as identity thefts, computer hackings, privacy breaches, technical sabotages, etc. Addressing security threats and attacks ..."
25,Dynatrace Launches AI Observability for Large Language Models and Generative AI,,https://itwire.com/guest-articles/company-news/dynatrace-launches-ai-observability-for-large-language-models-and-generative-ai.html,2024-02-01 03:30:00+00:00,ITWire,,2024-02,"Enables organisations to embrace AI with confidence by providing unparalleled insights into all layers of AI-powered applications, helping ensure security, reliability, performance, and cost-effectiveness Dynatrace (NYSE: DT),"
26,Hashtag Trending Jan.31- Ransomware payments declining? ChatGPT leaking chat histories; UK law may ban Apple from issuing security updates worldwide,,https://www.itworldcanada.com/article/hashtag-trending-jan-31-ransomware-payments-declining-chatgpt-leaking-chat-histories-uk-law-may-ban-apple-from-issuing-security-updates-worldwide/557733,2024-01-31 09:00:00+00:00,IT World Canada,,2024-01,"Hey out there. Someone wrote me yesterday to tell me that they had tried to pass on how to subscribe, but it was difficult to find Hashtag Trending – apparently a lot of similar names. Changing the name of the podcast is a big deal,"
27,How To Defend Against Malicious LLM Cyberattacks,,https://www.forbes.com/sites/forbestechcouncil/2023/10/27/how-to-defend-against-malicious-llm-cyberattacks/,2023-10-27 12:00:00+00:00,Forbes,,2023-10,"LLM AI platforms ... cyber-related attacks. Many such attacks originate from email phishing attempts. However, the attack propagation within the network falls under various security adaptive ..."
28,Zetaris: Federated Data Lakes Could Make Sense of Enterprise Data ‘Mess’ to Power AI,,https://www.techrepublic.com/article/zetaris-vinay-samuel-interview/,2024-02-08 00:00:00+00:00,TechRepublic,,2024-02,"That also has some inherent security benefits. Because if you don’t move data ... and whether it’s appropriate from a privacy, governance and regulatory point of view and managing and governing that access. SEE: Australian organisations are struggling ..."
29,p0 uses LLMs to save enterprises from code catastrophes,,https://www.yahoo.com/entertainment/p0-uses-llms-save-enterprises-114729648.html,2024-01-30 11:47:00+00:00,Yahoo,,2024-01,"Startup p0 is named after catastrophic events that can cause a platform to crash, leading to potential security breaches and loss of customer trust in businesses. The startup announced today it has raised $6."
30,Online Security and Privacy in Healthcare Certificate,,https://www.mtu.edu/globalcampus/degrees/certificates/privacy-healthcare/,2020-05-28 05:08:00+00:00,Michigan Technological University,,2020-05,"Healthcare organizations are also increasingly being targeted for cyber attacks. As a result, securing sensitive data is of growing importance. Healthcare security and privacy professionals protect health care information through these important tasks ..."
31,MSc ACS: Computer Security,,https://www.manchester.ac.uk/study/masters/courses/list/08343/msc-acs-computer-security/,2023-11-04 02:55:00+00:00,University of Manchester,,2023-11,"These on-line activities, many conducted beyond national boundaries, have opened up enormous opportunities for security attacks such as identity thefts, computer hackings, privacy breaches, technical sabotages, etc. Addressing security threats and attacks ..."
32,Statement on Zoom Security and Privacy,,https://www.scu.edu/technology/get-connected/zoom/statement-on-zoom-security-and-privacy/,2020-04-19 02:50:00+00:00,Santa Clara University,,2020-04,We have been tracking reports and news coverage of privacy and security concerns with Zoom ... physically safe and not compromised with malicious software to mitigate this attack method. This concern has been highlighted by a report from the Washington ...
33,"UK ‘too focused on safety’ in AI and LLM policy, says Lords",,https://www.research-live.com/article/news/uk-too-focused-on-safety-in-ai-and-llm-policy-says-lords/id/5122203,2024-02-02 12:16:00+00:00,research,,2024-02,"The UK government’s approach to AI and LLMs are too narrowly focused on safety and risk missing opportunities presented by the technologies, according to a report by the House of Lords Communications and Digital Committee."
34,Data privacy and security in AI-powered education systems,,https://www.financialexpress.com/jobs-career/education-data-privacy-and-security-in-ai-powered-education-systems-3363991/,2024-01-14 16:30:00+00:00,The Financial Express,,2024-01,"However, despite these advancements, the education industry has experienced increased cybersecurity attacks ... Traditionally, student privacy and security have not been prominent in the realm ..."
35,Security and Privacy,,https://www.rit.edu/computing/phd-computing-and-information-sciences/research/security-and-privacy,2023-11-10 06:30:00+00:00,Rochester Institute of Technology,,2023-11,"we face growing risk of malicious attacks that can steal our data and our money, spy on us through our devices, undermine our infrastructure, and even take over our cars and put us in physical danger. We seek methods for protecting security and privacy in ..."
36,A Bird's Eye View Of Large Language Model Security,,https://www.forbes.com/sites/forbesbusinesscouncil/2024/02/07/a-birds-eye-view-of-large-language-model-security/,2024-02-07 12:45:00+00:00,Forbes,,2024-02,Model poisoning attacks aim to skew the model's behavior ... ensuring LLMs are employed in a manner that respects individual rights and data privacy. The future of LLM security is intrinsically linked to the dynamic evolution of both LLMs and the field ...
37,"AMD, Apple, Qualcomm GPUs leak AI data in LeftoverLocals attacks",,https://www.bleepingcomputer.com/news/security/amd-apple-qualcomm-gpus-leak-ai-data-in-leftoverlocals-attacks/,2024-01-17 10:32:00+00:00,Bleeping Computer,,2024-01,"Tracked as CVE-2023-4969, the security issue enables data recovery ... On an AMD Radeon RX 7900 XT powering the open-source LLM llama.cpp, an attacker can get as much as 181MB per query, which ..."
38,"Mitigating risks in digital transactions: Emphasising data privacy, security and cyber defence",,https://www.financialexpress.com/business/digital-transformation-mitigating-risks-in-digital-transactions-emphasising-data-privacy-security-and-cyber-defence-3370543/,2024-01-21 17:00:00+00:00,The Financial Express,,2024-01,"Prioritising data privacy ... the latest security patches. Users must go for a trustworthy security solution, offering real-time protection against malware and phishing attacks."
39,Teens on social media need both protection and privacy – AI could help get the balance right,,https://www.chron.com/news/article/teens-on-social-media-need-both-protection-and-18639216.php,2024-01-31 00:00:00+00:00,Houston Chronicle,,2024-01,We have identified a set of steps that social media platforms could take to protect users while also protecting their privacy and autonomy online. Much of adolescent online safety research is from self-reported data such as surveys. There’s a need for ...
40,Erik Prince Claims His Vaporware Super-Phone Could Have Thwarted October 7 Hamas Attack,,https://theintercept.com/2024/01/24/erik-prince-phone-hamas/,2024-01-24 14:11:00+00:00,The Intercept,,2024-01,"On a recent episode of his podcast, Prince claimed that his special phone’s purported privacy safeguards could have prevented many of the casualties from Hamas’s October 7 attack. The ..."
41,"Top tech trends of 2024: AI, LLM, and the revolution in healthcare and cybersecurity",,https://www.iol.co.za/business-report/companies/top-tech-trends-of-2024-ai-llm-and-the-revolution-in-healthcare-and-cybersecurity-b4939054-f55c-415b-8c75-d88785dbad5d,2024-01-27 06:24:00+00:00,Independent Online,,2024-01,"In the ever-evolving landscape of technology in 2024, Artificial Intelligence (AI) and Large Language Models (LLM) emerge as pivotal ... AI predicts potential security breaches, enabling proactive ..."
42,"Cyberattacks are having fatal consequences, so the White House wants hospital funding tied to hospital security",,https://www.techradar.com/pro/cyberattacks-are-having-fatal-consequences-so-the-white-house-wants-hospital-funding-tied-to-hospital-security,2024-01-10 00:00:00+00:00,TechRadar,,2024-01,A number of attacks in recent months have severely ... Benedict Collins is a Staff Writer at TechRadar Pro covering privacy and security. Before settling into journalism he worked as a Livestream ...
43,Zoom boss apologises for security issues and promises fixes,,https://www.bbc.com/news/technology-52133349,2020-04-02 00:00:00+00:00,BBC,,2020-04,"He admitted that despite ""working around the clock"" to support the influx of new users, the service had ""fallen short of the community's - and our own - privacy and security expectations""."
44,Online Security and Privacy,,https://www.mtu.edu/it/security/security-resources-tools/online-security-privacy/,2017-05-09 10:18:00+00:00,Michigan Technological University,,2017-05,"Online Security and Privacy should be a concern for anyone using online services to store, process, or access their personal information. While there are many ..."
45,How to stop your wireless security camera from being hacked,,https://www.which.co.uk/reviews/wireless-security-cameras/article/how-to-stop-your-wireless-security-camera-from-being-hacked-a61gJ5O2LAur,2024-02-05 00:00:00+00:00,Which,,2024-02,"As well as enabling you to remotely keep an eye on your home, wireless security cameras should also ... However, the impact of a hacking attack can be devastating; from intrusion to your privacy to potential compromise of other connected devices you ..."
46,"Through Wars, Tornadoes, and Cyberattacks, He’s a Guardian of Student Privacy",,https://www.edweek.org/leaders/2024/through-wars-tornadoes-and-cyberattacks-hes-a-guardian-of-student-privacy,2024-02-05 00:00:00+00:00,Education Week,,2024-02,"As a school district tech director who puts data privacy at the top of his priority ... brimmed [aluminum foil] sombrero,” he joked. Data security is paramount in the age of AI These days ..."
47,How audio-jacking using gen AI can distort live audio transactions,,https://venturebeat.com/security/how-audio-jacking-using-gen-ai-can-distort-live-audio-transactions/,2024-02-02 06:00:00+00:00,VentureBeat,,2024-02,IBM’s Threat Intelligence team took LLM attack scenarios a ... devices and online services with weak security are going to be targets for audio jacking attack attempts. Be selective lock down ...
48,"A Flaw in Millions of Apple, AMD, and Qualcomm GPUs Could Expose AI Data",,https://www.wired.com/story/leftoverlocals-gpu-vulnerability-generative-ai/,2024-01-16 12:00:00+00:00,Wired,,2024-01,The silicon industry has spent years refining the security of central ... the researchers demonstrate an attack where a target—shown on the left—asks the open source LLM Llama.cpp to provide ...
49,Health Care Privacy and Security In 2024: Six Critical Topics to Watch,,https://www.jdsupra.com/legalnews/health-care-privacy-and-security-in-8064263/,2024-01-26 00:00:00+00:00,JD Supra,,2024-01,"As we reflect on the flurry of activity in the health care data privacy and security space in 2023 and ... OCR’s first-ever phishing cybersecurity attack investigation and settlement, resolving ..."
50,Ring home security system review: All the pros and cons,,https://www.cbsnews.com/essentials/ring-security-system-pros-and-cons/,2024-01-24 14:20:00+00:00,CBS News,,2024-01,"Regulators have expressed concern over Ring's possible vulnerability to cybersecurity attacks ... security needs instead."" Several years ago, Ring found itself the center of scrutiny thanks to ..."
51,Top tips to prioritize AI security and unlock greater innovation,,https://www.securityinfowatch.com/cybersecurity/article/53095319/top-tips-to-prioritize-ai-security-and-unlock-greater-innovation,2024-01-31 22:07:00+00:00,Security,,2024-01,"As organizations continue to invest heavily in their rush to implement and experiment with AI, they should proceed with caution."
52,A new era of cybersecurity with AI: Predictions for 2024,,https://www.cio.com/article/1298075/a-new-era-of-cybersecurity-with-ai-predictions-for-2024.html,2024-01-24 00:00:00+00:00,CIO,,2024-01,More and more attacks ... build security in design – make sure we build secure models and prevent training data from being poisoned — but also continue evaluating and monitoring LLM systems ...
53,Apple accuses UK gov't of ‘unprecedented overreach’ on privacy,,https://www.computerworld.com/article/3712720/apple-accuses-uk-govt-of-unprecedented-overreach-on-privacy.html,2024-01-30 16:58:00+00:00,Computerworld,,2024-01,"“We are deeply concerned about the amendments to the Investigatory Powers Bill currently before Parliament, which will put the privacy and security ... target to attack. Hackers are organized ..."
54,Police Arrest Teen Said to Be Linked to Hundreds of Swatting Attacks,,https://www.wired.com/story/torswats-swatting-arrest/,2024-01-26 16:08:00+00:00,Wired,,2024-01,"Swatting attacks typically involve someone calling ... and the director of the US Cybersecurity and Infrastructure Security Agency. According to the Florida State Attorney’s Office, the charges ..."
55,LulzSec Attacks FBI Affiliate InfraGard,,https://www.crn.com/news/security/230200026/lulzsec-attacks-fbi-affiliate-infragard,2011-06-07 01:22:00+00:00,CRN,,2011-06,"Aaron Titus, chief privacy officer for Identity Finder, echoed that the spate of recent attacks all exploited easily preventable security flaws. ’SQL injection, that’s Web 101. The fact that ..."
56,GrapheneOS: Everything you need to know about the privacy-focused Android fork,,https://www.androidpolice.com/grapheneos-guide/,2024-01-17 19:58:00+00:00,Android Police,,2024-01,"GrapheneOS improves the privacy and security of the OS by mitigating classes ... To do so, the GrapheneOS implements attack surface reduction by removing unnecessary code from the OS."
57,Menlo Ventures’ vision for the future of security for AI,,https://venturebeat.com/security/menlo-ventures-vision-for-the-future-of-security-for-ai/,2024-02-06 21:00:00+00:00,VentureBeat,,2024-02,"Menlo Venture has gone all-in on the belief that governance, observability, and security are the foundations that security for AI needs in place to scale."
58,Carmakers fail to protect against security attacks,,https://www.zdnet.com/article/carmakers-fail-to-protect-against-security-attacks/,2015-02-09 04:34:00+00:00,ZDNet,,2015-02,"The responses from 16 manufacturers ""reveal there is a clear lack of appropriate security measures to ... their part to protect us from cyber attacks or privacy invasions,"" Markey said in a ..."
59,How Consumers Can Protect Themselves Against AI Voice Cloning Attacks,,https://money.usnews.com/money/personal-finance/family-finance/articles/how-to-protect-against-ai-voice-cloning-attacks,2023-11-29 23:45:00+00:00,U.S. News & World Report,,2023-11,"a London-based company that helps organizations maximize online security and protect user privacy. Synthetic identity fraud creates an entirely new “person” by mixing stolen, fictitious or ..."
60,Security experts just found two giant smartphone privacy issues,,https://www.msn.com/en-us/money/other/security-experts-just-found-two-giant-smartphone-privacy-issues/ar-BB1hk7Xb,2024-01-26 22:39:38+00:00,Digital Trends on MSN.com,,2024-01,"Advertisements and notifications are a common part of the whole smartphone experience. But according to two new reports, they present troubling privacy issues."
61,Mobile Security Firms Fortify Defenses as App Attacks Accelerate,,https://www.technewsworld.com/story/mobile-security-firms-fortify-defenses-as-app-attacks-accelerate-179003.html,2024-02-05 16:00:00+00:00,TechNewsWorld,,2024-02,"Better cybersecurity may soon come to a mobile app you use in time to defend against a rising wave of data breaches, malware assaults, and AI-powered bot attacks. Mobile app security firm Appdome ..."
62,Protect AI adds LLM support with open source acquisition,,https://www.csoonline.com/article/1303232/protect-ai-adds-llm-support-with-open-source-acquisition.html,2024-02-01 00:00:00+00:00,CSOonline,,2024-02,"AI and ML security platform Protect AI has integrated a widely used, open source large language model (LLM) security tool — LLM Guard — into existing offerings after acquiring its developer ..."
63,"Chinese cyber attacks are intended to 'induce societal panic' across America, security directors tell Congress",,https://www.foxnews.com/politics/chinese-cyber-attacks-intended-induce-societal-panic-across-america-security-directors-tell-congress.amp,2024-01-31 17:58:00+00:00,Fox News,,2024-01,"Jen Easterly, director of the Cybersecurity and Infrastructure Security Agency, told the House Select Committee on the Chinese Communist Party (CCP) that ransomware attacks on U.S. businesses or ..."
64,How to interpret the hype surrounding the “Mother of All Breaches”,,https://www.securityinfowatch.com/cybersecurity/information-security/article/53095697/how-to-interpret-the-hype-surrounding-the-mother-of-all-breaches,2024-02-05 21:52:00+00:00,Security,,2024-02,We need to begin by understanding that MOAB was more of a collection of leaked data that had been previously breached
65,IT security strategy: Assessing the risks of generative AI,,https://www.computerweekly.com/feature/IT-security-strategy-Assessing-the-risks-of-generative-AI,2024-02-05 04:04:00+00:00,Computer Weekly,,2024-02,Most industry watchers see 2024 as the year when generative AI (GenAI) and large language models (LLMs) will begin moving into enterprise IT.
66,"Chinese cyber attacks are intended to 'induce societal panic' across America, security directors tell Congress",,https://www.foxnews.com/politics/chinese-cyber-attacks-intended-induce-societal-panic-across-america-security-directors-tell-congress,2024-01-31 17:58:00+00:00,Fox News,,2024-01,"China’s strategic plan to infiltrate the U.S. cyber infrastructure includes attempts to induce panic and unsettle everyday American life, a witness testified to Congress on Wednesday. Jen ..."
67,Cisco brings AI assistant to cloud app security service,,https://www.networkworld.com/article/1306628/cisco-brings-ai-assistant-to-cloud-app-security-service.html,2024-02-08 00:00:00+00:00,Network World,,2024-02,"and ‘Help me understand this attack path and how to fix it ... In addition to the AI Assistant, Outshift has added an LLM security and protection suite to Panoptica. Called GenAI Protection ..."
68,"Researchers Map AI Threat Landscape, Risks",,https://www.darkreading.com/cyber-risk/researchers-map-ai-threat-landscape-risks,2024-01-24 00:00:00+00:00,Dark Reading,,2024-01,"Many of the security problems of large language models ... A Taxonomy and Terminology of Attacks and Mitigations,"" which focuses on creating a common language for discussing threats to AI."
69,Windows 10: How To Fix The Biggest Security And Privacy Flops,,https://www.crn.com/slide-shows/security/300077791/windows-10-how-to-fix-the-biggest-security-and-privacy-flops,2023-04-17 05:25:00+00:00,CRN,,2023-04,"Windows 10 is in the security and privacy hot seat just weeks after its initial splashy launch. This is no surprise here, considering every single Microsoft operating system that has come before ..."
70,Carnegie Mellon University experienced a security breach — a reminder that cyber attacks are not rare,,https://technical.ly/software-development/cmu-cybersecurity-attack-advice-university-pittsburgh/,2024-01-26 06:00:00+00:00,Technical,,2024-01,"Even an institution that prides itself on being ground zero for cybersecurity innovation isn’t immune to cyber attacks. This week — coincidentally, Data Privacy ..."
71,Personal Monitors,,https://www.abc.net.au/science/slab/security/default.htm,2023-02-21 12:21:00+00:00,Australian Broadcasting Corporation,,2023-02,The imminent clamp down on national and domestic security in ... to the terrorist attack in the US. Dr Roger Clarke - Information about electronic surveillance and privacy.
72,"Focus on Data Resiliency, Security, Privacy, & Disaster Preparedness",,https://www.healthitsecurity.com/hubs/focus-on-disaster-preparedness,2022-04-14 22:33:00+00:00,IT Security,,2022-04,"Healthcare entities face an increasing number of threats to health data security and privacy, both natural and human-made. From hurricanes and tornadoes to cyber-attacks and server ..."
73,Corporate Privacy & Security Policy Examples,,https://smallbusiness.chron.com/corporate-privacy-security-policy-examples-15383.html,2018-07-20 19:13:00+00:00,Houston Chronicle,,2018-07,Corporate businesses have an obligation to protect the privacy of all employees and ensure their personal security on the job ... or they may launch cyber attacks solely intended to disrupt ...
74,Recognizing Security as a Strategic Component of Business,,https://www.darkreading.com/cyberattacks-data-breaches/recognizing-security-as-strategic-component-business,2024-01-31 00:00:00+00:00,Dark Reading,,2024-01,"Security may not own this area of focus, but it is a key stakeholder. Events ranging from social unrest to a cybersecurity attack can impact ... compliance, data privacy regulation, enterprise ..."
75,Top 4 LLM threats to the enterprise,,https://www.csoonline.com/article/1294996/top-4-llm-threats-to-the-enterprise.html,2024-01-22 00:00:00+00:00,CSOonline,,2024-01,"traditional security tools are ill-equipped to detect such attacks. Tools are also catching up with new risks introduced through LLM’s. For example, natural language web firewalls, AI discovery ..."
76,Security in vehicular systems,,https://www.design-reuse.com/articles/37957/security-in-vehicular-systems.html,2024-01-08 00:00:00+00:00,Design-Reuse,,2024-01,This in turn increases the attack ... security credentials shall be ensured. Some applications might additionally require that part of the traffic they receive or send internally or externally should remain confidential. Another challenge is to ensure ...
77,The EU Rules Risk Smartphone Security,,https://www.aei.org/technology-science-and-energy/the-eu-rules-risk-smartphone-security/,2024-02-08 18:47:00+00:00,American Enterprise Institute,,2024-02,The European Union's Digital Markets Act will inadvertently compromise established smartphone security systems in attempts to foster digital openness.
78,Preparing for cyber-attacks: the intersection of cybersecurity and physical security,,https://www.sourcesecurity.com/insights/preparing-cyber-attacks-intersection-cybersecurity-physical-co-1544546796-ga.1544546887.html,2018-12-17 09:35:00+00:00,SourceSecurity,,2018-12,"One thing that stands out is how intelligence (and the swath of subsets) will impose stringent demands on physical security due to attribute and data collection (for analysis) which will absolutely require privacy compliance, integrity, and controls."
79,Security and Surveillance,,https://www.csis.org/programs/strategic-technologies-program/archives/intelligence-surveillance-and-privacy/security-and,2022-04-20 06:50:00+00:00,csis.org,,2022-04,"The 9/11 attacks propelled intelligence reform to center stage in ... both policy-makers and in the public about how best to strike the balance between national security and civil liberties, this project seeks to provide analysis, and recommendations ..."
